BarIndex,Date,fold,y,prob,side
5605,2026-07-10 09:57:52.973,0,1,0.4853179759139545,1
5609,2026-07-10 09:57:56.350,0,0,0.4819595875599008,-1
5612,2026-07-10 09:57:59.553,0,0,0.48580773619671547,1
5620,2026-07-10 09:58:09.196,0,0,0.4853179759139545,1
5628,2026-07-10 09:58:13.374,0,0,0.4853179759139545,-1
5637,2026-07-10 09:58:20.723,0,1,0.4819595875599008,1
5651,2026-07-10 09:58:26.364,0,1,0.4853179759139545,-1
5658,2026-07-10 09:58:26.369,0,1,0.4853179759139545,1
5662,2026-07-10 09:58:26.401,0,0,0.4819595875599008,-1
5669,2026-07-10 09:58:26.404,0,0,0.4853179759139545,1
5672,2026-07-10 09:58:26.412,0,0,0.4819595875599008,-1
5675,2026-07-10 09:58:26.413,0,0,0.4853179759139545,1
5679,2026-07-10 09:58:26.474,0,0,0.4819595875599008,1
5698,2026-07-10 09:58:52.739,0,1,0.4853179759139545,1
5702,2026-07-10 09:59:05.619,0,0,0.5012498042391828,-1
5707,2026-07-10 09:59:13.110,0,0,0.48580773619671547,1
5716,2026-07-10 10:01:32.732,0,0,0.5054853061964735,-1
5723,2026-07-10 10:03:23.904,0,0,0.5012498042391828,-1
5732,2026-07-10 10:04:43.027,0,0,0.4853179759139545,1
5735,2026-07-10 10:06:06.496,0,0,0.48580773619671547,-1
5746,2026-07-10 10:09:44.482,0,0,0.4906939812631902,1
5752,2026-07-10 10:11:14.292,0,0,0.48534837737478465,1
5772,2026-07-10 10:17:13.583,0,0,0.4906939812631902,1
5775,2026-07-10 10:18:01.301,0,1,0.4906939812631902,-1
5779,2026-07-10 10:18:45.393,0,0,0.4844821677820269,1
5783,2026-07-10 10:20:09.910,0,0,0.48531064156264697,1
5788,2026-07-10 10:21:45.505,0,1,0.4853179759139545,1
5792,2026-07-10 10:22:20.666,0,0,0.49141153035694823,-1
5798,2026-07-10 10:25:05.713,0,0,0.49579436689338263,-1
5807,2026-07-10 10:26:05.970,0,1,0.5012498042391828,-1
5812,2026-07-10 10:27:26.448,0,0,0.4844821677820269,1
5817,2026-07-10 10:30:14.037,0,1,0.49141153035694823,1
5821,2026-07-10 10:31:50.602,0,0,0.4899508771132149,-1
5834,2026-07-10 10:35:18.746,0,0,0.4844821677820269,1
5837,2026-07-10 10:36:08.387,0,0,0.4853179759139545,-1
5845,2026-07-10 10:38:03.507,0,0,0.4899508771132149,-1
5850,2026-07-10 10:40:05.256,0,0,0.4906939812631902,-1
5866,2026-07-10 10:45:16.717,0,0,0.5012498042391828,1
5878,2026-07-10 10:52:33.606,0,0,0.493763007651218,-1
5883,2026-07-10 10:56:06.257,0,0,0.4844821677820269,-1
5892,2026-07-10 11:02:27.844,0,1,0.49093496881577886,-1
5898,2026-07-10 11:07:23.548,0,0,0.4899508771132149,1
5901,2026-07-10 11:08:26.944,0,1,0.48531064156264697,-1
5907,2026-07-10 11:10:58.146,0,0,0.493763007651218,1
5920,2026-07-10 11:18:48.729,0,1,0.49141153035694823,-1
5925,2026-07-10 11:23:21.423,0,1,0.49579436689338263,1
5933,2026-07-10 11:27:12.514,0,0,0.49093496881577886,-1
5952,2026-07-10 11:33:07.629,0,0,0.5012498042391828,1
5962,2026-07-10 11:34:06.472,0,0,0.4906939812631902,-1
5968,2026-07-10 11:36:20.343,0,0,0.5012498042391828,-1
5973,2026-07-10 11:39:38.272,0,1,0.5054853061964735,1
5985,2026-07-10 11:53:10.945,0,1,0.49093496881577886,-1
6000,2026-07-10 12:12:47.917,0,0,0.49093496881577886,1
6007,2026-07-10 12:26:38.806,0,1,0.48531064156264697,-1
6012,2026-07-10 12:37:15.650,0,0,0.48880240389964885,1
6015,2026-07-10 12:43:33.864,0,0,0.48880240389964885,-1
6019,2026-07-10 12:53:53.285,0,0,0.48880240389964885,-1
6031,2026-07-10 13:15:39.990,0,0,0.4899508771132149,-1
6038,2026-07-10 13:29:50.049,0,0,0.4899508771132149,-1
6046,2026-07-10 13:50:36.566,0,0,0.5012498042391828,-1
6049,2026-07-10 14:01:21.326,0,0,0.48880240389964885,1
6054,2026-07-10 14:19:43.196,0,0,0.49579436689338263,1
6057,2026-07-10 14:41:40.786,0,0,0.493763007651218,-1
6060,2026-07-10 14:58:31.792,0,1,0.49093496881577886,1
6068,2026-07-10 15:06:04.906,0,0,0.5012498042391828,-1
6076,2026-07-10 15:17:31.266,0,1,0.48531064156264697,-1
6084,2026-07-10 15:52:32.965,0,0,0.48880240389964885,1
6092,2026-07-10 16:05:57.848,0,0,0.493763007651218,-1
6103,2026-07-10 17:00:35.191,0,0,0.4899508771132149,-1
6111,2026-07-10 17:11:51.660,0,0,0.49141153035694823,-1
6119,2026-07-10 17:50:39.132,0,0,0.49141153035694823,-1
6123,2026-07-10 18:05:46.183,0,0,0.49093496881577886,-1
6151,2026-07-13 09:03:11.909,0,1,0.4853179759139545,1
6161,2026-07-13 09:03:20.727,0,1,0.4853179759139545,-1
6166,2026-07-13 09:03:22.242,0,1,0.4853179759139545,1
6171,2026-07-13 09:03:26.192,0,0,0.4853179759139545,-1
6178,2026-07-13 09:03:37.093,0,1,0.4853179759139545,-1
6183,2026-07-13 09:03:38.764,0,1,0.4853179759139545,1
6188,2026-07-13 09:03:42.016,0,0,0.4853179759139545,-1
6198,2026-07-13 09:03:57.327,0,0,0.4853179759139545,1
6201,2026-07-13 09:04:01.538,0,1,0.4853179759139545,-1
6208,2026-07-13 09:04:08.197,0,1,0.4853179759139545,1
6212,2026-07-13 09:04:10.183,0,0,0.4853179759139545,-1
6215,2026-07-13 09:04:13.196,0,0,0.4853179759139545,1
6221,2026-07-13 09:04:18.091,0,0,0.4853179759139545,1
6230,2026-07-13 09:04:31.008,0,0,0.4853179759139545,-1
6237,2026-07-13 09:04:38.109,0,0,0.4853179759139545,1
6242,2026-07-13 09:05:02.982,0,0,0.4819595875599008,-1
6250,2026-07-13 09:05:31.042,0,0,0.48580773619671547,-1
6253,2026-07-13 09:05:40.507,0,1,0.4853179759139545,1
6257,2026-07-13 09:06:56.620,0,0,0.5054853061964735,-1
6260,2026-07-13 09:07:26.151,0,0,0.48531064156264697,1
6265,2026-07-13 09:08:56.045,0,0,0.48534837737478465,-1
6268,2026-07-13 09:09:33.140,0,0,0.48534837737478465,1
6274,2026-07-13 09:12:13.589,0,0,0.5012498042391828,1
6277,2026-07-13 09:13:19.069,0,0,0.48580773619671547,-1
6282,2026-07-13 09:15:11.078,0,0,0.4844821677820269,-1
6291,2026-07-13 09:17:24.428,0,0,0.49579436689338263,-1
6299,2026-07-13 09:20:12.344,0,0,0.4853179759139545,1
6306,2026-07-13 09:24:46.373,0,1,0.49093496881577886,1
6313,2026-07-13 09:30:07.000,0,0,0.49579436689338263,-1
6325,2026-07-13 09:42:10.856,0,0,0.4899508771132149,-1
6340,2026-07-13 09:52:06.204,0,1,0.49093496881577886,1
6346,2026-07-13 09:55:19.621,0,0,0.49579436689338263,-1
6356,2026-07-13 10:00:43.595,0,0,0.5012498042391828,1
6364,2026-07-13 10:02:13.515,0,0,0.493763007651218,1
6370,2026-07-13 10:04:11.760,0,1,0.49141153035694823,-1
6376,2026-07-13 10:09:40.733,0,1,0.49093496881577886,1
6383,2026-07-13 10:11:20.340,0,0,0.4899508771132149,-1
6387,2026-07-13 10:13:26.704,0,1,0.48531064156264697,-1
6392,2026-07-13 10:15:06.450,0,0,0.4853179759139545,1
6398,2026-07-13 10:19:33.178,0,0,0.49093496881577886,1
6401,2026-07-13 10:21:24.040,0,1,0.48880240389964885,-1
6412,2026-07-13 10:27:39.515,0,1,0.5012498042391828,1
6416,2026-07-13 10:29:13.466,0,0,0.493763007651218,-1
6421,2026-07-13 10:30:24.543,0,0,0.5012498042391828,-1
6430,2026-07-13 10:34:14.898,0,1,0.4899508771132149,-1
6436,2026-07-13 10:35:44.790,0,0,0.4899508771132149,1
6447,2026-07-13 10:39:36.750,0,0,0.4899508771132149,1
6455,2026-07-13 10:42:03.870,0,1,0.48531064156264697,1
6461,2026-07-13 10:44:27.173,0,0,0.48880240389964885,-1
6473,2026-07-13 10:50:43.233,0,1,0.5012498042391828,1
6481,2026-07-13 10:54:41.139,0,0,0.48531064156264697,-1
6490,2026-07-13 11:02:30.066,0,0,0.4899508771132149,1
6495,2026-07-13 11:05:53.732,0,0,0.49093496881577886,1
6502,2026-07-13 11:11:23.051,0,0,0.49141153035694823,-1
6513,2026-07-13 11:16:50.792,0,0,0.5012498042391828,1
6519,2026-07-13 11:17:36.442,0,1,0.5012498042391828,1
6526,2026-07-13 11:18:13.215,0,0,0.5012498042391828,-1
6533,2026-07-13 11:21:07.875,0,1,0.49093496881577886,1
6537,2026-07-13 11:26:13.925,0,0,0.48880240389964885,-1
6551,2026-07-13 11:43:17.898,0,1,0.49579436689338263,1
6555,2026-07-13 11:46:37.411,0,0,0.493763007651218,-1
6571,2026-07-13 12:12:02.799,0,0,0.493763007651218,1
6578,2026-07-13 12:24:27.432,0,0,0.493763007651218,-1
6591,2026-07-13 12:56:46.689,0,0,0.48534837737478465,1
6600,2026-07-13 13:35:27.223,0,0,0.5012498042391828,1
6603,2026-07-13 13:45:13.405,0,1,0.48880240389964885,-1
6611,2026-07-13 14:01:27.559,0,1,0.48531064156264697,1
6615,2026-07-13 14:18:37.382,0,0,0.49093496881577886,-1
6624,2026-07-13 14:31:07.480,0,0,0.493763007651218,1
6633,2026-07-13 14:52:06.864,0,0,0.493763007651218,1
6642,2026-07-13 15:11:02.728,0,1,0.49093496881577886,1
6647,2026-07-13 15:38:14.071,0,0,0.493763007651218,-1
6651,2026-07-13 16:02:00.274,0,1,0.48880240389964885,-1
6659,2026-07-13 16:35:37.440,0,0,0.4899508771132149,1
6662,2026-07-13 16:49:05.790,0,0,0.49093496881577886,-1
6667,2026-07-13 17:02:25.466,0,1,0.493763007651218,-1
6679,2026-07-13 18:02:14.109,0,1,0.4899508771132149,1
6685,2026-07-13 18:22:15.183,0,0,0.4899508771132149,-1
6688,2026-07-13 18:24:59.731,0,1,0.5012498042391828,1
6707,2026-07-14 09:02:54.704,0,0,0.4853179759139545,-1
6713,2026-07-14 09:02:57.705,0,0,0.4819595875599008,-1
6716,2026-07-14 09:03:00.263,0,0,0.4853179759139545,1
6719,2026-07-14 09:03:02.118,0,1,0.4853179759139545,-1
6725,2026-07-14 09:03:08.335,0,0,0.4853179759139545,1
6728,2026-07-14 09:03:11.375,0,1,0.4853179759139545,-1
6732,2026-07-14 09:03:19.248,0,0,0.4853179759139545,1
6735,2026-07-14 09:03:20.454,0,1,0.4853179759139545,-1
6739,2026-07-14 09:03:26.990,0,1,0.4853179759139545,1
6746,2026-07-14 09:03:37.778,0,0,0.4853179759139545,-1
6754,2026-07-14 09:03:53.823,0,0,0.4853179759139545,1
6757,2026-07-14 09:04:02.228,0,0,0.4853179759139545,-1
6762,2026-07-14 09:04:18.843,0,0,0.4853179759139545,-1
6771,2026-07-14 09:05:10.229,0,0,0.4819595875599008,1
6787,2026-07-14 09:08:07.560,0,1,0.49579436689338263,1
6793,2026-07-14 09:10:10.964,0,0,0.49579436689338263,-1
6796,2026-07-14 09:12:01.337,0,1,0.48880240389964885,1
6803,2026-07-14 09:16:15.382,0,1,0.493763007651218,-1
6808,2026-07-14 09:19:50.184,0,0,0.49093496881577886,1
6811,2026-07-14 09:20:11.260,0,0,0.49579436689338263,-1
6814,2026-07-14 09:22:17.327,0,1,0.48880240389964885,1
6819,2026-07-14 09:23:36.053,0,0,0.49579436689338263,-1
6831,2026-07-14 09:26:46.990,0,0,0.5012498042391828,1
6834,2026-07-14 09:28:00.344,0,0,0.48531064156264697,-1
6839,2026-07-14 09:29:59.597,0,0,0.4853179759139545,-1
6845,2026-07-14 09:30:02.034,0,1,0.4853179759139545,-1
6849,2026-07-14 09:30:02.061,0,1,0.4853179759139545,1
6867,2026-07-14 09:30:08.868,0,0,0.4853179759139545,-1
6881,2026-07-14 09:30:11.017,0,0,0.4853179759139545,1
6895,2026-07-14 09:30:12.710,0,0,0.4853179759139545,-1
6898,2026-07-14 09:30:13.744,0,1,0.4844821677820269,1
6902,2026-07-14 09:30:16.082,0,0,0.4853179759139545,-1
6908,2026-07-14 09:30:33.762,0,0,0.4819595875599008,-1
6918,2026-07-14 09:30:51.465,0,0,0.4853179759139545,-1
6926,2026-07-14 09:30:57.496,0,1,0.4853179759139545,-1
6930,2026-07-14 09:30:58.353,0,1,0.4853179759139545,1
6934,2026-07-14 09:31:00.327,0,0,0.4853179759139545,-1
6937,2026-07-14 09:31:07.314,0,0,0.4819595875599008,1
6942,2026-07-14 09:31:33.666,0,0,0.4844821677820269,1
6946,2026-07-14 09:32:05.324,0,0,0.48580773619671547,1
6951,2026-07-14 09:33:22.304,0,0,0.4819595875599008,1
6956,2026-07-14 09:34:13.663,0,1,0.4819595875599008,-1
6965,2026-07-14 09:36:57.076,0,1,0.49141153035694823,1
6972,2026-07-14 09:38:44.131,0,0,0.5012498042391828,-1
6987,2026-07-14 09:48:32.885,0,1,0.48880240389964885,1
6991,2026-07-14 09:50:54.665,0,0,0.493763007651218,-1
7002,2026-07-14 10:00:03.428,0,1,0.4858717190995625,1
7010,2026-07-14 10:01:45.957,0,0,0.5012498042391828,-1
7018,2026-07-14 10:03:16.872,0,0,0.48580773619671547,1
7032,2026-07-14 10:12:47.547,0,0,0.49579436689338263,1
7039,2026-07-14 10:16:06.150,0,1,0.4899508771132149,1
7046,2026-07-14 10:17:30.118,0,1,0.493763007651218,-1
7053,2026-07-14 10:20:13.358,0,1,0.4858717190995625,1
7062,2026-07-14 10:24:08.471,0,1,0.493763007651218,-1
7067,2026-07-14 10:27:13.764,0,0,0.4844821677820269,1
7071,2026-07-14 10:29:07.827,0,1,0.493763007651218,1
7082,2026-07-14 10:30:54.389,0,1,0.49141153035694823,-1
7087,2026-07-14 10:32:39.450,0,0,0.4858717190995625,1
7090,2026-07-14 10:33:36.594,0,0,0.48531064156264697,-1
7097,2026-07-14 10:34:37.624,0,1,0.4899508771132149,-1
7105,2026-07-14 10:36:03.355,0,0,0.4853179759139545,1
7115,2026-07-14 10:40:28.889,0,0,0.4819595875599008,-1
7122,2026-07-14 10:44:06.327,0,1,0.48580773619671547,-1
7127,2026-07-14 10:45:13.000,0,0,0.4844821677820269,1
7130,2026-07-14 10:46:22.792,0,0,0.4853179759139545,-1
7135,2026-07-14 10:48:10.037,0,0,0.4853179759139545,-1
7138,2026-07-14 10:48:48.791,0,1,0.49579436689338263,1
7142,2026-07-14 10:50:27.392,0,0,0.49579436689338263,-1
7145,2026-07-14 10:52:23.061,0,0,0.4899508771132149,1
7148,2026-07-14 10:53:31.436,0,0,0.4844821677820269,-1
7152,2026-07-14 10:54:27.316,0,0,0.4853179759139545,-1
7165,2026-07-14 11:01:27.143,0,1,0.493763007651218,-1
7172,2026-07-14 11:05:02.950,0,1,0.48531064156264697,1
7177,2026-07-14 11:06:34.527,0,1,0.49579436689338263,-1
7184,2026-07-14 11:10:39.470,0,0,0.4853179759139545,1
7194,2026-07-14 11:16:33.665,0,0,0.493763007651218,1
7197,2026-07-14 11:18:22.751,0,0,0.48531064156264697,-1
7204,2026-07-14 11:23:08.857,0,0,0.493763007651218,-1
7212,2026-07-14 11:26:20.866,0,0,0.5054853061964735,1
7225,2026-07-14 11:34:13.790,0,0,0.5012498042391828,-1
7242,2026-07-14 11:46:09.294,0,0,0.493763007651218,1
7251,2026-07-14 12:01:57.992,0,0,0.49093496881577886,1
7254,2026-07-14 12:04:21.232,0,0,0.4906939812631902,-1
7260,2026-07-14 12:04:44.347,0,1,0.4858717190995625,-1
7265,2026-07-14 12:05:33.956,0,1,0.4844821677820269,1
7269,2026-07-14 12:08:38.365,0,0,0.49579436689338263,-1
7275,2026-07-14 12:17:43.359,0,0,0.48880240389964885,-1
7278,2026-07-14 12:20:37.818,0,0,0.493763007651218,1
7286,2026-07-14 12:42:10.875,0,1,0.49579436689338263,1
7290,2026-07-14 12:47:52.621,0,1,0.493763007651218,-1
7301,2026-07-14 13:07:08.812,0,1,0.48880240389964885,1
7307,2026-07-14 13:13:22.091,0,0,0.493763007651218,-1
7313,2026-07-14 13:42:02.403,0,1,0.48880240389964885,-1
7317,2026-07-14 13:48:41.183,0,0,0.493763007651218,1
7323,2026-07-14 14:06:46.412,0,0,0.5012498042391828,1
7328,2026-07-14 14:51:34.315,0,0,0.48880240389964885,-1
7331,2026-07-14 14:56:41.062,0,0,0.493763007651218,1
7334,2026-07-14 15:14:06.408,0,0,0.4906939812631902,-1
7345,2026-07-14 15:48:24.690,1,0,0.42018499673437004,-1
7357,2026-07-14 16:33:10.458,1,1,0.45801681783454323,1
7365,2026-07-14 17:08:47.113,1,1,0.4317980340696676,-1
7369,2026-07-14 17:16:41.389,1,0,0.45028009038662087,1
7389,2026-07-15 09:02:48.838,1,1,0.439111423608019,1
7393,2026-07-15 09:02:53.179,1,1,0.4117539630531152,-1
7397,2026-07-15 09:03:05.258,1,0,0.41417338298044115,1
7404,2026-07-15 09:03:33.652,1,1,0.4003354000726196,-1
7408,2026-07-15 09:03:53.360,1,0,0.4318295599001055,1
7423,2026-07-15 09:05:27.162,1,0,0.4233828772839906,1
7427,2026-07-15 09:06:38.750,1,0,0.4265958929794767,1
7433,2026-07-15 09:08:29.174,1,1,0.4361941145061598,1
7445,2026-07-15 09:09:53.539,1,0,0.4251197239398678,-1
7450,2026-07-15 09:10:40.708,1,0,0.4239583135606023,-1
7457,2026-07-15 09:11:43.264,1,0,0.43063146237923694,-1
7465,2026-07-15 09:16:04.669,1,0,0.42325192910563136,1
7476,2026-07-15 09:22:32.728,1,1,0.43371571680574705,-1
7480,2026-07-15 09:24:58.663,1,1,0.4256370679582176,1
7484,2026-07-15 09:29:04.378,1,0,0.444337636961003,-1
7489,2026-07-15 09:30:19.294,1,1,0.3994355728281234,-1
7497,2026-07-15 09:31:01.223,1,1,0.4473426645049251,1
7502,2026-07-15 09:32:10.992,1,0,0.40310962634700637,-1
7511,2026-07-15 09:38:42.749,1,0,0.4357146148457127,-1
7519,2026-07-15 09:48:15.817,1,1,0.4244753265054493,-1
7524,2026-07-15 09:53:49.302,1,0,0.4475831015785404,1
7541,2026-07-15 10:02:31.331,1,1,0.45530882038610226,1
7548,2026-07-15 10:03:38.578,1,0,0.4365531660649309,-1
7556,2026-07-15 10:06:03.450,1,1,0.4231321244497569,-1
7560,2026-07-15 10:08:05.735,1,0,0.4307516887782181,1
7565,2026-07-15 10:10:07.310,1,0,0.4290567018142437,1
7580,2026-07-15 10:15:58.576,1,1,0.4439361433194087,1
7584,2026-07-15 10:16:06.881,1,0,0.4344963942920269,-1
7588,2026-07-15 10:19:16.864,1,0,0.43118944621281585,-1
7595,2026-07-15 10:20:40.429,1,1,0.42489827849635,-1
7601,2026-07-15 10:26:47.863,1,0,0.45019727401475135,1
7604,2026-07-15 10:27:37.396,1,0,0.42437137263463265,-1
7609,2026-07-15 10:30:06.828,1,0,0.42686852411406884,-1
7613,2026-07-15 10:31:23.153,1,0,0.4078608227150096,-1
7616,2026-07-15 10:31:52.746,1,0,0.4362086716250363,1
7627,2026-07-15 10:35:20.509,1,0,0.462845903283843,1
7642,2026-07-15 10:44:45.529,1,0,0.45561039329280517,1
7654,2026-07-15 10:53:31.788,1,0,0.4245289941992057,-1
7659,2026-07-15 10:58:05.994,1,0,0.42525560419121816,-1
7671,2026-07-15 11:13:01.790,1,1,0.45228748616875253,-1
7678,2026-07-15 11:20:53.635,1,0,0.4578030981499342,1
7685,2026-07-15 11:24:24.092,1,0,0.44360076009305055,1
7688,2026-07-15 11:28:12.387,1,0,0.4195361747855096,-1
7696,2026-07-15 11:38:38.088,1,1,0.41923677434251283,-1
7701,2026-07-15 11:42:52.337,1,0,0.4355513964178481,1
7710,2026-07-15 11:52:16.655,1,0,0.42188670548380236,-1
7715,2026-07-15 11:57:17.982,1,0,0.43257460801669134,-1
7720,2026-07-15 12:06:49.747,1,1,0.4465281185281281,-1
7726,2026-07-15 12:16:57.169,1,0,0.44191791969621624,1
7733,2026-07-15 12:23:40.433,1,0,0.4655752125479312,1
7739,2026-07-15 12:42:35.949,1,0,0.4605694640584875,1
7750,2026-07-15 13:26:29.797,1,0,0.4325222968615915,1
7757,2026-07-15 13:46:49.337,1,1,0.41645656191516206,-1
7766,2026-07-15 13:58:24.481,1,1,0.4606991373148561,1
7772,2026-07-15 14:08:40.233,1,0,0.431415395135923,-1
7775,2026-07-15 14:15:07.604,1,1,0.4494260943947134,1
7782,2026-07-15 14:30:05.897,1,0,0.4273635874733264,-1
7790,2026-07-15 14:46:51.303,1,0,0.4285992614790138,-1
7793,2026-07-15 15:01:48.638,1,1,0.4543974839279544,1
7797,2026-07-15 15:13:02.913,1,0,0.43186397798371234,-1
7802,2026-07-15 15:31:40.555,1,0,0.4228564370500474,-1
7805,2026-07-15 15:51:23.405,1,1,0.46964731369438373,1
7809,2026-07-15 16:18:38.027,1,1,0.4558910407266372,-1
7814,2026-07-15 16:32:44.806,1,0,0.4488333379375172,1
7820,2026-07-15 17:09:20.209,1,1,0.42975365394343673,-1
7824,2026-07-15 17:21:18.794,1,0,0.4347872979961942,1
7830,2026-07-15 18:13:41.976,1,0,0.4255863574889707,-1
7840,2026-07-16 09:02:34.005,1,1,0.41354559759989007,1
7846,2026-07-16 09:02:37.631,1,0,0.4003737320857308,-1
7856,2026-07-16 09:02:41.741,1,0,0.4095680222577903,-1
7864,2026-07-16 09:02:43.967,1,0,0.40621393017541657,-1
7869,2026-07-16 09:02:52.414,1,1,0.3992206464732715,-1
7874,2026-07-16 09:02:54.890,1,0,0.42987922244024823,1
7877,2026-07-16 09:02:54.908,1,0,0.40650750611957304,-1
7885,2026-07-16 09:03:01.463,1,1,0.4209147337193692,1
7889,2026-07-16 09:03:08.141,1,0,0.41262277686284105,-1
7899,2026-07-16 09:03:58.357,1,0,0.4191033062409012,-1
7902,2026-07-16 09:04:04.471,1,1,0.4420891735469736,1
7909,2026-07-16 09:04:31.946,1,0,0.4239730413910217,-1
7914,2026-07-16 09:04:55.784,1,0,0.4062070986798437,-1
7917,2026-07-16 09:05:01.801,1,0,0.4420891735469736,1
7924,2026-07-16 09:05:31.441,1,1,0.4135758849341868,1
7931,2026-07-16 09:06:48.425,1,0,0.4207157042109321,-1
7948,2026-07-16 09:09:03.112,1,0,0.42085205349706184,1
7957,2026-07-16 09:11:31.797,1,1,0.4208889841993057,1
7962,2026-07-16 09:15:24.025,1,1,0.4254561599532775,-1
7968,2026-07-16 09:21:23.461,1,0,0.4446813466206833,1
7974,2026-07-16 09:28:51.597,1,0,0.450184258308319,1
7982,2026-07-16 09:32:39.800,1,0,0.45635453497908046,1
7985,2026-07-16 09:34:44.595,1,0,0.44119307306135,-1
7991,2026-07-16 09:43:35.683,1,1,0.44935481602194244,1
7995,2026-07-16 09:47:35.111,1,1,0.44155529424787565,-1
7999,2026-07-16 09:51:46.070,1,0,0.43537963611814356,1
8006,2026-07-16 09:58:52.268,1,0,0.474353852370918,1
8014,2026-07-16 10:01:05.849,1,0,0.46706368007144333,1
8021,2026-07-16 10:04:29.583,1,0,0.44283167322225797,-1
8033,2026-07-16 10:06:36.627,1,0,0.4559025094985749,1
8036,2026-07-16 10:06:39.355,1,0,0.4265107529217838,-1
8042,2026-07-16 10:09:53.261,1,0,0.41359438249938285,-1
8049,2026-07-16 10:15:12.382,1,1,0.4325055139001517,-1
8053,2026-07-16 10:16:50.367,1,0,0.44596993998001394,1
8059,2026-07-16 10:21:01.303,1,0,0.4370598208597058,1
8069,2026-07-16 10:25:21.485,1,1,0.4125308884984626,-1
8081,2026-07-16 10:31:00.760,1,0,0.474971266807042,1
8096,2026-07-16 10:33:46.649,1,0,0.44716677175066205,1
8101,2026-07-16 10:35:21.381,1,1,0.4315434408264729,1
8105,2026-07-16 10:36:07.527,1,1,0.4315840750518089,-1
8110,2026-07-16 10:36:38.715,1,0,0.41866085352203886,1
8113,2026-07-16 10:37:25.985,1,0,0.4297043069580836,-1
8116,2026-07-16 10:38:16.664,1,0,0.4172176704226062,1
8119,2026-07-16 10:41:28.595,1,0,0.4085019030882073,-1
8130,2026-07-16 10:44:30.547,1,0,0.4501026473592335,1
8139,2026-07-16 10:50:42.806,1,0,0.4337507414813419,-1
8148,2026-07-16 10:58:11.058,1,1,0.41981430268522396,1
8161,2026-07-16 11:03:18.333,1,0,0.40955857904052245,-1
8173,2026-07-16 11:11:28.179,1,0,0.41827509544821767,-1
8182,2026-07-16 11:17:22.348,1,1,0.4461814837978878,1
8187,2026-07-16 11:19:51.437,1,1,0.40985404925020225,-1
8191,2026-07-16 11:21:10.523,1,0,0.44581957552259116,1
8194,2026-07-16 11:28:06.342,1,0,0.4050243910725656,-1
8210,2026-07-16 11:47:24.143,1,0,0.42954426936946194,-1
8217,2026-07-16 11:53:36.638,1,1,0.4298825367088445,-1
8223,2026-07-16 11:56:58.575,1,0,0.44471182154626604,1
8228,2026-07-16 12:00:37.573,1,0,0.43122423211382777,1
8236,2026-07-16 12:07:46.260,1,1,0.4512225720033694,1
8240,2026-07-16 12:10:09.626,1,0,0.44562208099961165,-1
8248,2026-07-16 12:27:35.593,1,1,0.46602176022347414,-1
8253,2026-07-16 12:32:24.754,1,1,0.43768119586063964,1
8258,2026-07-16 12:39:19.996,1,0,0.40270389560745107,-1
8261,2026-07-16 12:47:48.671,1,0,0.4496459776212659,1
8264,2026-07-16 12:50:57.066,1,1,0.4345819925728563,-1
8272,2026-07-16 13:15:09.235,1,0,0.4435939634978085,1
8277,2026-07-16 13:20:34.720,1,0,0.4409035918389609,1
8280,2026-07-16 13:38:03.561,1,1,0.4330251124749697,-1
8285,2026-07-16 13:47:10.099,1,0,0.45671704551985337,1
8296,2026-07-16 14:09:27.092,1,0,0.4734360545850407,1
8302,2026-07-16 14:15:05.356,1,0,0.45603201603812776,1
8310,2026-07-16 14:40:34.504,1,0,0.45829177360418427,1
8313,2026-07-16 14:53:21.792,1,1,0.4517894363862585,-1
8323,2026-07-16 15:06:03.540,1,1,0.4573248052697222,1
8329,2026-07-16 15:14:01.007,1,0,0.42905674984291287,-1
8335,2026-07-16 15:31:56.252,1,0,0.46426128251403626,1
8338,2026-07-16 15:50:22.953,1,0,0.4305491571117195,-1
8341,2026-07-16 16:07:39.077,1,0,0.46361000302405636,1
8350,2026-07-16 17:04:40.980,1,1,0.4321133018217061,-1
8356,2026-07-16 17:30:33.866,1,0,0.48113486497877744,1
8359,2026-07-16 17:50:03.634,1,0,0.45484182630140974,-1
8362,2026-07-16 18:24:48.349,1,0,0.4492799110514624,1
8376,2026-07-17 09:03:06.948,1,0,0.4080684719899726,1
8382,2026-07-17 09:03:10.317,1,0,0.4095680222577903,-1
8387,2026-07-17 09:03:17.769,1,0,0.3966518179413296,-1
8399,2026-07-17 09:04:03.151,1,0,0.41184933126791234,-1
8406,2026-07-17 09:04:20.494,1,1,0.40884393300140376,-1
8410,2026-07-17 09:04:25.226,1,0,0.43106386118108925,1
8413,2026-07-17 09:04:30.089,1,1,0.4074711775264926,-1
8418,2026-07-17 09:04:36.172,1,0,0.4296558293906475,1
8423,2026-07-17 09:04:44.257,1,0,0.41943973237952265,1
8435,2026-07-17 09:05:14.539,1,1,0.39831405185581636,-1
8440,2026-07-17 09:05:23.132,1,0,0.4127964140602633,1
8448,2026-07-17 09:06:41.313,1,1,0.4050254351633806,-1
8452,2026-07-17 09:06:55.902,1,0,0.4270723293774778,1
8460,2026-07-17 09:08:27.619,1,0,0.43184577023931353,1
8466,2026-07-17 09:09:17.521,1,1,0.4187863728133946,1
8473,2026-07-17 09:10:44.221,1,0,0.4300603294985562,-1
8479,2026-07-17 09:16:41.453,1,1,0.4252526788766649,-1
8487,2026-07-17 09:20:54.164,1,0,0.4723509685715254,1
8490,2026-07-17 09:21:29.270,1,1,0.42647822631813814,-1
8494,2026-07-17 09:25:29.857,1,0,0.445118483687409,1
8503,2026-07-17 09:35:43.904,1,1,0.4409025322024519,1
8508,2026-07-17 09:41:00.498,1,0,0.4308961899861183,-1
8513,2026-07-17 09:43:05.387,1,0,0.42496126433841236,-1
8525,2026-07-17 09:58:50.246,1,0,0.4406335222598991,1
8531,2026-07-17 10:00:21.833,1,0,0.43657782877284884,1
8534,2026-07-17 10:00:36.223,1,1,0.4353847181673569,-1
8540,2026-07-17 10:01:40.225,1,0,0.45661130554241464,1
8547,2026-07-17 10:03:32.644,1,0,0.4245112830617944,-1
8553,2026-07-17 10:05:09.804,1,0,0.41810028646103614,-1
8559,2026-07-17 10:08:34.233,1,1,0.43564866253646767,1
8563,2026-07-17 10:10:06.855,1,1,0.4376504021278154,-1
8567,2026-07-17 10:11:27.738,1,0,0.4354678571416335,1
8570,2026-07-17 10:14:04.285,1,0,0.4347044551114637,-1
8577,2026-07-17 10:16:54.252,1,1,0.43173390993931,-1
8587,2026-07-17 10:22:28.200,1,0,0.44881322563280085,1
8595,2026-07-17 10:24:57.700,1,1,0.4439524716695963,1
8603,2026-07-17 10:26:45.528,1,0,0.4229453518098767,-1
8607,2026-07-17 10:28:15.405,1,1,0.4263248223403456,-1
8611,2026-07-17 10:30:05.163,1,0,0.46202020569311864,1
8622,2026-07-17 10:33:30.780,1,0,0.4173621364068401,-1
8625,2026-07-17 10:34:54.428,1,0,0.4300815011457282,1
8630,2026-07-17 10:35:37.606,1,0,0.4351581212034276,1
8636,2026-07-17 10:36:49.166,1,0,0.43519023247878047,1
8639,2026-07-17 10:37:13.815,1,0,0.4388082778067662,-1
8652,2026-07-17 10:40:32.339,1,0,0.4247714146250105,-1
8662,2026-07-17 10:45:13.209,1,0,0.426472396833391,1
8672,2026-07-17 10:50:16.141,1,0,0.4436374612700117,-1
8675,2026-07-17 10:51:34.418,1,1,0.43725313636839397,1
8681,2026-07-17 10:54:02.475,1,0,0.4321583368863917,-1
8687,2026-07-17 10:55:25.759,1,0,0.43010763422848725,-1
8693,2026-07-17 10:58:56.689,1,1,0.42034864142095313,-1
8700,2026-07-17 11:01:53.088,1,0,0.437392569927133,1
8711,2026-07-17 11:11:21.723,1,0,0.44297083289882655,1
8714,2026-07-17 11:13:40.268,1,0,0.4197000125924682,-1
8718,2026-07-17 11:15:49.527,1,0,0.4097933849972284,-1
8722,2026-07-17 11:20:31.405,1,0,0.4091053942309225,-1
8741,2026-07-17 11:47:26.357,1,0,0.41859479689965773,-1
8753,2026-07-17 12:02:02.518,1,1,0.4659367342329255,1
8758,2026-07-17 12:10:16.430,1,0,0.41602342081999893,-1
8763,2026-07-17 12:22:28.984,1,0,0.4291376297485608,-1
8768,2026-07-17 12:30:06.755,1,0,0.4413077539117845,-1
8776,2026-07-17 12:46:13.188,1,1,0.4596787314405309,1
8781,2026-07-17 12:58:30.268,1,0,0.45780982704847434,-1
8787,2026-07-17 13:06:44.346,1,0,0.4517102954714609,1
8790,2026-07-17 13:09:32.646,1,1,0.43804787421431907,-1
8803,2026-07-17 13:36:30.849,1,1,0.46884489951350183,1
8807,2026-07-17 13:49:04.832,1,0,0.42736604485410634,-1
8810,2026-07-17 13:57:41.858,1,0,0.4466424469150546,1
8821,2026-07-17 14:40:34.679,1,0,0.4526312542907267,1
8831,2026-07-17 15:13:49.443,1,0,0.4375544371818593,1
8836,2026-07-17 15:34:13.516,1,0,0.43952793697233156,1
8842,2026-07-17 16:17:14.542,1,1,0.4633667987235767,1
8852,2026-07-17 16:56:11.202,1,0,0.4314438621292429,-1
8860,2026-07-17 17:36:55.051,1,0,0.45808068438256305,1
8877,2026-07-20 09:02:46.611,1,1,0.3974585489619085,-1
8886,2026-07-20 09:02:49.109,1,0,0.43692315755608735,1
8896,2026-07-20 09:03:01.682,1,1,0.43784135222612597,1
8905,2026-07-20 09:03:05.758,1,1,0.3943651828259153,-1
8909,2026-07-20 09:03:08.118,1,0,0.4308687571071692,1
8912,2026-07-20 09:03:09.871,1,0,0.40621393017541657,-1
8915,2026-07-20 09:03:18.175,1,0,0.4105412454299672,1
8918,2026-07-20 09:03:27.937,1,0,0.39869174289967163,-1
8924,2026-07-20 09:03:51.097,1,0,0.41346074238728875,-1
8936,2026-07-20 09:04:38.916,1,0,0.4453404454174981,1
8939,2026-07-20 09:05:01.435,1,0,0.41127461841205054,-1
8943,2026-07-20 09:06:15.256,1,0,0.4133272064550695,-1
8950,2026-07-20 09:06:50.297,1,0,0.40456320857918715,-1
8957,2026-07-20 09:07:24.891,1,1,0.43415438338968027,1
8964,2026-07-20 09:08:35.545,1,1,0.42377166979742137,-1
8969,2026-07-20 09:09:54.530,1,0,0.42062359445112635,1
8975,2026-07-20 09:10:55.417,1,0,0.41296749752322126,1
8982,2026-07-20 09:15:40.428,1,0,0.4203371422090156,1
8991,2026-07-20 09:23:51.899,1,0,0.47427065922092626,1
8999,2026-07-20 09:25:50.991,1,0,0.43241006359556367,-1
9006,2026-07-20 09:30:10.134,1,0,0.42678597219109415,-1
9014,2026-07-20 09:39:59.410,1,0,0.43614800160658257,1
9024,2026-07-20 09:54:34.771,1,0,0.4378548075753822,-1
9035,2026-07-20 10:00:48.216,1,0,0.432498244019165,-1
9047,2026-07-20 10:02:35.011,1,1,0.41864299602450367,-1
9057,2026-07-20 10:04:10.671,1,0,0.4457267499325257,1
9062,2026-07-20 10:05:39.041,1,0,0.42264899892160396,1
9073,2026-07-20 10:09:38.522,2,0,0.20039851813018542,-1
9079,2026-07-20 10:13:27.647,2,0,0.33007647388867073,1
9087,2026-07-20 10:19:16.214,2,1,0.3234250390651131,1
9092,2026-07-20 10:20:24.221,2,0,0.364386491760589,-1
9104,2026-07-20 10:26:42.088,2,0,0.3501113614196943,1
9113,2026-07-20 10:30:27.878,2,1,0.376571435210761,1
9117,2026-07-20 10:31:35.979,2,1,0.30614324213083244,-1
9121,2026-07-20 10:32:47.135,2,0,0.3409229944222029,1
9127,2026-07-20 10:35:00.554,2,1,0.4596744970346296,1
9137,2026-07-20 10:36:30.033,2,1,0.35740611905498476,-1
9142,2026-07-20 10:39:31.548,2,0,0.37565321904327664,1
9148,2026-07-20 10:41:07.329,2,0,0.37647750424645593,1
9158,2026-07-20 10:45:14.761,2,0,0.425310128929288,1
9164,2026-07-20 10:47:33.581,2,0,0.24130225823565576,-1
9175,2026-07-20 10:50:30.790,2,0,0.35283649748991636,-1
9182,2026-07-20 10:54:13.754,2,0,0.2936074775218407,-1
9192,2026-07-20 11:01:08.422,2,1,0.40733531278727125,-1
9196,2026-07-20 11:04:12.825,2,0,0.3581547236143438,1
9204,2026-07-20 11:12:13.503,2,0,0.4195336904596644,1
9207,2026-07-20 11:17:07.792,2,0,0.4189533826605923,-1
9213,2026-07-20 11:23:49.748,2,0,0.3592587943702541,-1
9224,2026-07-20 11:33:32.157,2,0,0.4099725216321556,-1
9229,2026-07-20 11:41:12.907,2,1,0.456762592594681,1
9233,2026-07-20 11:45:51.992,2,0,0.2877909474350982,-1
9239,2026-07-20 11:50:40.225,2,1,0.4335299278762713,-1
9244,2026-07-20 11:59:22.840,2,0,0.3577023517908023,1
9251,2026-07-20 12:05:47.136,2,0,0.29155674162368594,1
9254,2026-07-20 12:08:55.165,2,1,0.23284342657522522,-1
9262,2026-07-20 12:24:58.135,2,1,0.39803878277113847,1
9267,2026-07-20 12:30:31.457,2,0,0.26427680678902765,-1
9276,2026-07-20 12:55:55.035,2,0,0.3215347415017709,-1
9282,2026-07-20 13:07:44.587,2,1,0.32942684506396275,-1
9293,2026-07-20 13:41:26.462,2,0,0.29109051808377717,1
9296,2026-07-20 13:49:31.885,2,1,0.2647250283991825,-1
9302,2026-07-20 13:56:45.545,2,0,0.43288721140574243,1
9306,2026-07-20 14:37:14.748,2,1,0.5275056336001384,1
9315,2026-07-20 15:12:52.128,2,1,0.2721365364100195,-1
9319,2026-07-20 15:27:07.288,2,0,0.3074743967677286,1
9322,2026-07-20 15:35:34.894,2,1,0.22961776676996531,-1
9327,2026-07-20 15:45:18.085,2,0,0.38453267038469346,1
9334,2026-07-20 16:16:20.842,2,1,0.4942360210901455,1
9338,2026-07-20 16:36:15.938,2,1,0.4626751522431872,-1
9348,2026-07-20 17:11:15.643,2,0,0.436208379550814,1
9366,2026-07-21 09:02:37.796,2,0,0.26409250167831194,-1
9373,2026-07-21 09:02:44.287,2,0,0.38723134237294454,1
9378,2026-07-21 09:02:54.536,2,0,0.2659627585206985,1
9383,2026-07-21 09:03:02.289,2,0,0.2881892148498758,-1
9389,2026-07-21 09:03:17.196,2,0,0.373448256811652,1
9395,2026-07-21 09:03:46.404,2,0,0.31162851841255584,1
9403,2026-07-21 09:04:22.181,2,0,0.2961501904677408,1
9414,2026-07-21 09:05:08.019,2,0,0.31266259773673527,1
9423,2026-07-21 09:08:39.285,2,0,0.302875815566958,-1
9428,2026-07-21 09:09:27.415,2,1,0.3354367969236866,1
9434,2026-07-21 09:10:43.246,2,0,0.35012109487676357,-1
9440,2026-07-21 09:13:48.887,2,1,0.343211413025943,-1
9451,2026-07-21 09:16:51.495,2,0,0.4189282883142549,1
9459,2026-07-21 09:23:33.020,2,0,0.5252464471490454,1
9462,2026-07-21 09:25:00.892,2,1,0.3157584862887888,-1
9466,2026-07-21 09:26:02.170,2,1,0.43094781899317014,1
9473,2026-07-21 09:34:58.243,2,0,0.34745732013579844,-1
9478,2026-07-21 09:40:05.446,2,1,0.39511260147840294,-1
9483,2026-07-21 09:41:40.903,2,0,0.46209323932914187,1
9489,2026-07-21 09:45:17.398,2,0,0.2582707015275135,-1
9495,2026-07-21 09:53:08.934,2,0,0.3470229098123296,1
9512,2026-07-21 10:05:51.753,2,0,0.4178856026527768,-1
9519,2026-07-21 10:16:33.599,2,1,0.37877189450620435,-1
9529,2026-07-21 10:21:02.489,2,0,0.4580577958218087,1
9537,2026-07-21 10:28:26.596,2,0,0.31898621820537326,-1
9540,2026-07-21 10:29:13.302,2,1,0.37785215867941246,1
9546,2026-07-21 10:30:46.456,2,0,0.2467867246931385,-1
9551,2026-07-21 10:31:36.068,2,1,0.2868845878871395,-1
9558,2026-07-21 10:33:45.298,2,0,0.3834838961070032,1
9568,2026-07-21 10:36:48.100,2,0,0.44276328048255814,1
9575,2026-07-21 10:38:10.196,2,0,0.3110207906783825,1
9580,2026-07-21 10:40:20.837,2,0,0.3624117103035571,1
9585,2026-07-21 10:41:12.778,2,0,0.3101575999539058,1
9598,2026-07-21 10:48:54.940,2,1,0.33348575967436217,-1
9607,2026-07-21 10:52:01.173,2,0,0.46406924678524697,1
9616,2026-07-21 11:01:01.459,2,1,0.33358163148263725,1
9623,2026-07-21 11:04:26.741,2,0,0.2731669648719407,-1
9629,2026-07-21 11:08:08.116,2,0,0.28158151002277726,-1
9638,2026-07-21 11:16:35.869,2,0,0.36528402645957203,-1
9650,2026-07-21 11:27:49.377,2,0,0.28387271054689545,1
9653,2026-07-21 11:31:04.095,2,1,0.24984920202293137,-1
9662,2026-07-21 11:38:37.467,2,0,0.34489991635807393,1
9672,2026-07-21 11:56:41.515,2,0,0.3311918773818094,1
9683,2026-07-21 12:31:03.722,2,0,0.2810552725239512,-1
9687,2026-07-21 12:41:33.291,2,0,0.27487324938211255,-1
9690,2026-07-21 13:00:00.125,2,0,0.330169170363314,1
9703,2026-07-21 14:02:04.512,2,0,0.22198723213655977,-1
9706,2026-07-21 14:22:28.160,2,1,0.23160160412818095,1
9710,2026-07-21 14:35:07.308,2,0,0.25733403052695,-1
9714,2026-07-21 14:40:17.293,2,1,0.23169071834589244,-1
9719,2026-07-21 14:48:04.179,2,1,0.2792051079961282,1
9725,2026-07-21 14:59:10.823,2,0,0.39724966948677465,-1
9730,2026-07-21 16:06:25.543,2,0,0.3657095703794256,-1
9739,2026-07-21 17:23:33.027,2,0,0.2991164371726477,1
9742,2026-07-21 18:02:44.160,2,1,0.3279547867508368,-1
9750,2026-07-22 09:03:10.070,2,1,0.31588120511420054,1
9756,2026-07-22 09:03:12.075,2,0,0.28140565759284336,-1
9764,2026-07-22 09:03:26.569,2,1,0.2965292701233002,-1
9768,2026-07-22 09:03:34.316,2,1,0.3600351803915342,1
9774,2026-07-22 09:04:05.940,2,0,0.3057188835642787,-1
9779,2026-07-22 09:04:22.927,2,0,0.2237735999916136,-1
9782,2026-07-22 09:04:26.103,2,0,0.38338806064297154,1
9785,2026-07-22 09:04:36.357,2,0,0.2689306378706022,-1
9797,2026-07-22 09:06:00.840,2,1,0.2571587528089626,-1
9801,2026-07-22 09:06:40.347,2,1,0.3000349023263777,1
9809,2026-07-22 09:09:15.258,2,0,0.3819511548792426,-1
9816,2026-07-22 09:12:12.085,2,1,0.39584101446281333,1
9821,2026-07-22 09:14:47.987,2,0,0.3665557758471002,-1
9824,2026-07-22 09:15:37.410,2,0,0.3402496481573595,1
9827,2026-07-22 09:16:07.182,2,1,0.3150246806591792,-1
9832,2026-07-22 09:17:38.297,2,1,0.31476998048263,1
9836,2026-07-22 09:23:18.019,2,1,0.36180328736539735,-1
9840,2026-07-22 09:25:38.995,2,0,0.24294200712174466,1
9849,2026-07-22 09:36:24.928,2,1,0.43508059317087094,-1
9857,2026-07-22 09:43:12.580,2,0,0.4422358870835294,1
9864,2026-07-22 09:44:57.146,2,0,0.31530570420870596,-1
9867,2026-07-22 09:45:06.618,2,1,0.3585257491440794,1
9871,2026-07-22 09:47:14.172,2,0,0.40925644128240984,-1
9877,2026-07-22 09:51:15.162,2,1,0.3806844097449303,1
9881,2026-07-22 09:53:05.615,2,0,0.43541034784848814,-1
9885,2026-07-22 09:55:03.724,2,1,0.3369139773196254,-1
9889,2026-07-22 09:56:53.873,2,1,0.39649706783917305,1
9897,2026-07-22 09:59:06.600,2,0,0.2824140432200118,-1
9905,2026-07-22 10:01:03.490,2,0,0.41732222613861775,-1
9911,2026-07-22 10:04:27.263,2,0,0.34017226254149413,1
9914,2026-07-22 10:05:06.276,2,1,0.31579280741589005,-1
9919,2026-07-22 10:06:59.741,2,0,0.305560792373536,1
9926,2026-07-22 10:10:39.600,2,1,0.3407831758806547,1
9933,2026-07-22 10:11:44.678,2,0,0.3446335778984216,-1
9941,2026-07-22 10:15:03.560,2,0,0.42268675191552757,-1
9946,2026-07-22 10:16:17.538,2,1,0.31556302703007316,-1
9952,2026-07-22 10:19:22.948,2,1,0.3089946647379945,1
9956,2026-07-22 10:20:38.081,2,1,0.35413016616387066,-1
9960,2026-07-22 10:22:16.114,2,1,0.3411710851265488,1
9968,2026-07-22 10:24:41.599,2,0,0.3551047407688547,-1
9989,2026-07-22 10:31:35.468,2,0,0.27253623760395285,-1
9997,2026-07-22 10:33:21.621,2,0,0.3198303834035215,1
10005,2026-07-22 10:36:46.364,2,0,0.2797794545593601,-1
10008,2026-07-22 10:37:52.061,2,1,0.35225569231731446,1
10030,2026-07-22 10:42:36.939,2,1,0.3382870405828006,-1
10036,2026-07-22 10:42:45.824,2,1,0.3427743382322701,1
10042,2026-07-22 10:44:05.580,2,1,0.36796692504577894,-1
10047,2026-07-22 10:45:42.659,2,1,0.309253736126441,1
10059,2026-07-22 10:48:07.439,2,1,0.3261285470996702,-1
10063,2026-07-22 10:48:29.308,2,0,0.3728241221353846,1
10070,2026-07-22 10:51:06.767,2,0,0.2748149098984011,-1
10078,2026-07-22 10:53:18.209,2,0,0.31451137290994935,1
10088,2026-07-22 10:57:06.837,2,1,0.3290502725346519,-1
10096,2026-07-22 11:01:25.754,2,0,0.2817965550508427,1
10099,2026-07-22 11:02:09.311,2,0,0.2708816289959088,-1
10103,2026-07-22 11:02:28.215,2,1,0.23214697452253913,-1
10119,2026-07-22 11:12:16.464,2,0,0.29971793715363315,1
10129,2026-07-22 11:19:24.069,2,1,0.2910368210797927,-1
10136,2026-07-22 11:22:54.143,2,0,0.28814458933486475,1
10141,2026-07-22 11:26:34.932,2,0,0.3453029618557046,1
10147,2026-07-22 11:31:04.123,2,0,0.40662607823962427,1
10151,2026-07-22 11:37:56.297,2,0,0.3526524088637689,1
10159,2026-07-22 11:46:06.627,2,0,0.3146934223630493,1
10165,2026-07-22 11:49:48.152,2,0,0.3431622928537138,1
10171,2026-07-22 11:55:49.174,2,0,0.2601360205056607,-1
10180,2026-07-22 12:09:29.451,2,0,0.26096967874293253,-1
10183,2026-07-22 12:15:07.841,2,0,0.25617246622874457,1
10187,2026-07-22 12:19:45.165,2,1,0.29367889456092955,1
10193,2026-07-22 12:25:23.734,2,0,0.310868992284899,-1
10202,2026-07-22 12:32:02.965,2,0,0.34527032696036025,-1
10211,2026-07-22 12:44:25.048,2,0,0.22634820146918794,-1
10214,2026-07-22 12:56:12.767,2,1,0.360864773524842,1
10219,2026-07-22 13:08:21.310,2,0,0.34961565985069215,-1
10222,2026-07-22 13:13:34.389,2,0,0.4305057196568125,1
10230,2026-07-22 13:43:35.585,2,0,0.36893450246589193,-1
10240,2026-07-22 14:06:06.646,2,0,0.41054608843404866,-1
10245,2026-07-22 14:17:06.839,2,0,0.31888585733680136,-1
10252,2026-07-22 14:31:27.821,2,0,0.2910789395526493,-1
10261,2026-07-22 14:56:45.821,2,0,0.38763306366042743,-1
10265,2026-07-22 15:00:45.479,2,0,0.2198671782966309,-1
10271,2026-07-22 15:09:54.765,2,0,0.43375968154165934,1
10282,2026-07-22 15:59:25.170,2,1,0.304131789776326,-1
10286,2026-07-22 16:16:51.621,2,0,0.3508521074391271,1
10292,2026-07-22 17:02:08.127,2,0,0.21532041052743878,-1
10300,2026-07-22 17:19:53.134,2,0,0.4906169727110793,-1
10303,2026-07-22 17:45:28.043,2,0,0.4836967328153909,1
10326,2026-07-23 09:02:40.774,2,0,0.3694975214011603,1
10332,2026-07-23 09:02:42.575,2,1,0.35613225650036995,1
10337,2026-07-23 09:02:44.547,2,0,0.2530729132901561,-1
10346,2026-07-23 09:03:00.491,2,0,0.36859325258472747,1
10349,2026-07-23 09:03:15.621,2,1,0.27734315406231136,-1
10354,2026-07-23 09:03:34.063,2,1,0.31977764132754866,1
10358,2026-07-23 09:03:41.911,2,0,0.25036928284272386,-1
10367,2026-07-23 09:04:17.206,2,0,0.24942016294885572,-1
10377,2026-07-23 09:06:08.598,2,0,0.32291610915549906,-1
10383,2026-07-23 09:08:18.580,2,1,0.33005563913554664,1
10391,2026-07-23 09:09:01.441,2,1,0.29842799007984505,-1
10400,2026-07-23 09:09:04.012,2,0,0.36054026624784,1
10434,2026-07-23 09:09:04.280,2,0,0.3086793560944121,1
10456,2026-07-23 09:09:04.290,2,1,0.22795024150158869,1
10460,2026-07-23 09:09:04.318,2,1,0.27273560273557335,-1
10464,2026-07-23 09:09:04.324,2,1,0.2587293908161525,1
10468,2026-07-23 09:09:04.325,2,1,0.29485443387218946,-1
10472,2026-07-23 09:09:04.328,2,0,0.379083566691264,1
10483,2026-07-23 09:09:04.471,2,1,0.2552561891094981,1
10487,2026-07-23 09:09:04.507,2,0,0.22816345515538758,-1
10500,2026-07-23 09:09:04.525,2,0,0.34702653647360754,1
10505,2026-07-23 09:09:04.535,2,0,0.16153799505051628,-1
10512,2026-07-23 09:09:04.563,2,0,0.3489877904276924,1
10521,2026-07-23 09:09:04.667,2,0,0.2822158102544986,1
10524,2026-07-23 09:09:04.670,2,0,0.33688714145441895,-1
10529,2026-07-23 09:09:04.698,2,1,0.28956782623639477,-1
10533,2026-07-23 09:09:04.705,2,1,0.3414939584094163,1
10537,2026-07-23 09:09:04.713,2,1,0.3030083681958738,-1
10541,2026-07-23 09:09:04.798,2,1,0.2931263561356658,1
10545,2026-07-23 09:09:05.054,2,1,0.2125319506021096,-1
10549,2026-07-23 09:09:05.189,2,0,0.32358902382689636,1
10558,2026-07-23 09:09:05.287,2,0,0.2904564569789431,-1
10561,2026-07-23 09:09:05.299,2,0,0.3247889530393518,1
10564,2026-07-23 09:09:05.333,2,0,0.29393517990749,-1
10576,2026-07-23 09:09:05.482,2,0,0.24937901236173857,-1
10583,2026-07-23 09:09:05.484,2,0,0.2928698027421408,1
10592,2026-07-23 09:09:05.536,2,0,0.2465120014884812,-1
10606,2026-07-23 09:09:05.723,2,0,0.21141433307377278,-1
10609,2026-07-23 09:09:05.820,2,0,0.3585391662678865,1
10612,2026-07-23 09:09:05.922,2,0,0.19631815202274197,-1
10625,2026-07-23 09:09:06.631,2,0,0.1966404403943959,-1
10629,2026-07-23 09:09:07.658,2,0,0.2090472741217658,-1
10643,2026-07-23 09:10:30.660,2,0,0.39121709771027474,1
10646,2026-07-23 09:10:44.184,2,0,0.1898045811593761,-1
10649,2026-07-23 09:10:51.320,2,0,0.31400180646477077,1
10662,2026-07-23 09:16:44.686,2,0,0.40273207926650606,1
10667,2026-07-23 09:16:54.314,2,0,0.3168751222384682,1
10678,2026-07-23 09:23:03.681,2,0,0.2777431867930763,-1
10684,2026-07-23 09:31:08.077,2,0,0.26015231751301926,-1
10691,2026-07-23 09:38:22.969,2,0,0.19249149080424782,-1
10701,2026-07-23 09:42:11.216,2,0,0.3877634191733527,1
10712,2026-07-23 09:46:38.878,2,0,0.32543159522971743,-1
10723,2026-07-23 09:54:23.139,2,0,0.33900524157681444,1
10729,2026-07-23 10:00:19.882,2,0,0.34921808059606607,1
10734,2026-07-23 10:02:25.828,2,0,0.44699829670949404,1
10746,2026-07-23 10:04:46.622,2,0,0.27123328508427247,-1
10749,2026-07-23 10:05:28.988,2,0,0.3212494866569517,1
10758,2026-07-23 10:10:27.277,2,0,0.37898541780044004,1
10770,2026-07-23 10:13:42.900,2,0,0.33921577126825536,1
10776,2026-07-23 10:16:26.646,2,1,0.34123241307120905,1
10780,2026-07-23 10:18:25.685,2,1,0.3489094920635004,-1
10784,2026-07-23 10:22:13.973,2,0,0.33278551808909645,1
10802,2026-07-23 10:28:58.617,3,0,0.1904025939559641,-1
10815,2026-07-23 10:31:49.728,3,0,0.25870933137250446,-1
10818,2026-07-23 10:32:30.292,3,0,0.3888024005040785,1
10821,2026-07-23 10:33:45.928,3,1,0.3977024863261437,-1
10827,2026-07-23 10:35:39.425,3,0,0.2331719271116715,1
10831,2026-07-23 10:36:58.868,3,0,0.414054772183224,1
10846,2026-07-23 10:43:37.645,3,0,0.379297578264579,-1
10851,2026-07-23 10:45:03.210,3,1,0.35942473837038197,1
10855,2026-07-23 10:46:06.121,3,0,0.2600895302604113,-1
10864,2026-07-23 10:49:21.707,3,0,0.3647920326097638,-1
10870,2026-07-23 10:52:08.178,3,0,0.47489090273502005,-1
10874,2026-07-23 10:55:04.331,3,1,0.1790605003539771,-1
10890,2026-07-23 10:59:55.571,3,0,0.2891019858472311,1
10894,2026-07-23 11:01:04.263,3,0,0.36704246953730363,1
10905,2026-07-23 11:08:55.463,3,1,0.31619436765414544,1
10915,2026-07-23 11:12:11.545,3,0,0.13923005866389676,-1
10925,2026-07-23 11:19:40.134,3,1,0.3392222496396469,1
10932,2026-07-23 11:21:58.029,3,0,0.28924534668269886,-1
10938,2026-07-23 11:30:06.967,3,1,0.40191156836533515,-1
10944,2026-07-23 11:35:51.442,3,1,0.35429301143535186,1
10950,2026-07-23 11:38:29.825,3,1,0.06830755523991158,-1
10955,2026-07-23 11:44:00.327,3,0,0.3208521244929008,1
10964,2026-07-23 11:51:31.653,3,0,0.12222848865439394,1
10967,2026-07-23 11:55:23.319,3,0,0.2381350489970389,-1
10972,2026-07-23 11:58:47.224,3,0,0.20097655059846903,-1
10979,2026-07-23 12:05:01.561,3,1,0.06553057980520459,-1
10983,2026-07-23 12:07:07.591,3,0,0.439014934910874,1
10992,2026-07-23 12:12:36.087,3,1,0.4238144057222805,1
10996,2026-07-23 12:15:18.569,3,1,0.3793165466330109,-1
11004,2026-07-23 12:22:50.804,3,0,0.3001200557519386,1
11014,2026-07-23 12:30:03.524,3,1,0.1983257075388195,1
11020,2026-07-23 12:35:01.957,3,0,0.19319678555865225,-1
11023,2026-07-23 12:36:22.682,3,0,0.2564308513184369,1
11029,2026-07-23 12:46:29.145,3,1,0.31305715781054944,1
11033,2026-07-23 12:55:08.601,3,0,0.21575039900742873,-1
11036,2026-07-23 12:57:36.638,3,0,0.5901641709113152,1
11042,2026-07-23 13:17:59.337,3,1,0.465835135581001,-1
11046,2026-07-23 13:34:35.810,3,0,0.2968843215500031,1
11052,2026-07-23 14:01:56.680,3,1,0.20929425541396002,-1
11059,2026-07-23 14:11:14.537,3,0,0.2735823680780789,1
11072,2026-07-23 14:40:14.664,3,1,0.4117590783166852,1
11077,2026-07-23 14:49:16.666,3,0,0.24281864392910657,-1
11080,2026-07-23 14:55:33.909,3,0,0.39060377803369223,1
11095,2026-07-23 15:34:04.159,3,0,0.34956800418119616,-1
11099,2026-07-23 16:01:39.974,3,1,0.2813284723119675,-1
11106,2026-07-23 16:21:58.663,3,0,0.23815748439120465,1
11109,2026-07-23 16:27:35.674,3,0,0.25631444032685075,-1
11115,2026-07-23 16:30:41.931,3,1,0.14398265923604478,-1
11122,2026-07-23 16:49:06.307,3,1,0.5606768281718931,1
11126,2026-07-23 17:06:10.073,3,0,0.49204885210716,-1
11132,2026-07-23 18:31:25.163,3,1,0.6080093370373026,-1
11136,2026-07-24 09:03:49.547,3,0,0.2914080749065161,1
11144,2026-07-24 09:03:52.239,3,0,0.2795727970636292,1
11154,2026-07-24 09:04:07.077,3,1,0.28000978025901474,1
11159,2026-07-24 09:04:12.978,3,0,0.49863717183198164,-1
11164,2026-07-24 09:04:21.786,3,0,0.1985197654243251,1
11183,2026-07-24 09:05:34.727,3,1,0.20087173566072553,1
11188,2026-07-24 09:05:40.037,3,0,0.17221047507345474,-1
11199,2026-07-24 09:06:08.519,3,0,0.2935504571123585,1
11202,2026-07-24 09:06:33.463,3,0,0.18827433766154034,-1
11214,2026-07-24 09:08:38.029,3,0,0.22145625320859802,-1
11217,2026-07-24 09:08:52.671,3,0,0.214111167597972,1
11224,2026-07-24 09:10:07.285,3,0,0.5465816949866202,1
11230,2026-07-24 09:14:20.010,3,1,0.39630730986257817,1
11235,2026-07-24 09:16:50.001,3,1,0.28627406117928256,-1
11239,2026-07-24 09:17:52.060,3,0,0.3737450675638091,1
11249,2026-07-24 09:24:10.451,3,0,0.3548245907056301,1
11253,2026-07-24 09:25:55.086,3,1,0.6682681628064053,1
11258,2026-07-24 09:32:24.745,3,1,0.5866098298407947,-1
11264,2026-07-24 09:35:09.708,3,0,0.2582096867823642,1
11270,2026-07-24 09:43:13.967,3,1,0.304191739616752,1
11274,2026-07-24 09:47:59.188,3,0,0.5911632941894307,-1
11277,2026-07-24 09:50:15.286,3,0,0.44727403049374653,1
11281,2026-07-24 09:57:09.361,3,0,0.37501732451685055,1
11284,2026-07-24 10:00:14.136,3,1,0.28542601877973023,-1
11290,2026-07-24 10:01:33.530,3,0,0.32984605377484694,1
11298,2026-07-24 10:05:41.043,3,0,0.20218633947478892,-1
11305,2026-07-24 10:08:05.074,3,0,0.3697398772232492,1
11308,2026-07-24 10:09:42.858,3,1,0.22900403817687937,-1
11313,2026-07-24 10:10:59.341,3,0,0.2764140199197267,1
11321,2026-07-24 10:14:46.424,3,1,0.27263928199515525,-1
11327,2026-07-24 10:17:13.930,3,0,0.26156927105436917,1
11334,2026-07-24 10:22:16.732,3,0,0.4371914706228945,-1
11338,2026-07-24 10:24:30.153,3,0,0.20033570332750483,-1
11345,2026-07-24 10:28:09.118,3,1,0.5228135668100704,1
11350,2026-07-24 10:30:08.359,3,1,0.23004897489485057,-1
11359,2026-07-24 10:31:05.057,3,0,0.17211243366934925,1
11373,2026-07-24 10:36:42.025,3,0,0.2901103070169755,1
11385,2026-07-24 10:42:14.130,3,0,0.24702469836174581,-1
11391,2026-07-24 10:45:19.229,3,0,0.263743986959338,-1
11395,2026-07-24 10:46:42.746,3,0,0.14968871794554797,-1
11403,2026-07-24 10:50:29.145,3,1,0.45805279395042414,1
11407,2026-07-24 10:54:01.184,3,0,0.3237828572604955,-1
11412,2026-07-24 10:56:05.233,3,1,0.25926832236335007,1
11422,2026-07-24 11:02:42.640,3,0,0.1582329012735422,-1
11431,2026-07-24 11:06:49.410,3,0,0.6219456533186177,1
11434,2026-07-24 11:10:09.724,3,0,0.5024860051620875,-1
11437,2026-07-24 11:11:43.062,3,0,0.25245149307016096,1
11440,2026-07-24 11:14:09.810,3,0,0.17836594211355883,-1
11447,2026-07-24 11:18:41.099,3,0,0.21652916881902468,1
11457,2026-07-24 11:23:39.825,3,0,0.37728252380631344,-1
11460,2026-07-24 11:24:32.014,3,0,0.3475689564586901,1
11463,2026-07-24 11:27:15.120,3,1,0.483632101639136,-1
11468,2026-07-24 11:31:28.931,3,0,0.22940249021549802,1
11472,2026-07-24 11:37:02.258,3,0,0.6053540426754539,1
11484,2026-07-24 11:55:34.857,3,1,0.3720044005676748,-1
11493,2026-07-24 12:05:49.562,3,0,0.14323432340310627,1
11498,2026-07-24 12:11:04.230,3,0,0.17320926726939942,-1
11508,2026-07-24 12:15:46.369,3,0,0.21860725920251536,-1
11511,2026-07-24 12:19:05.148,3,0,0.3594392511325636,1
11517,2026-07-24 12:37:20.252,3,0,0.2956684215762748,1
11522,2026-07-24 12:41:22.317,3,0,0.2232417975325632,1
11529,2026-07-24 13:21:33.637,3,0,0.2975508998362172,1
11541,2026-07-24 13:51:47.040,3,0,0.12834693887382886,1
11552,2026-07-24 14:52:52.809,3,0,0.5364767179433547,1
11563,2026-07-24 16:58:01.086,3,0,0.2922232170866908,1
11569,2026-07-24 18:03:58.210,3,0,0.3283436080529277,1
11593,2026-07-27 09:03:34.727,3,0,0.5130963717473606,-1
11600,2026-07-27 09:03:43.960,3,1,0.341669324544501,-1
11604,2026-07-27 09:03:53.753,3,0,0.31938002415444355,1
11609,2026-07-27 09:04:06.237,3,1,0.36023422412510797,1
11613,2026-07-27 09:04:20.509,3,0,0.46433407266550947,-1
11618,2026-07-27 09:04:40.263,3,1,0.27581661442578953,-1
11626,2026-07-27 09:05:46.210,3,0,0.2197947854496892,1
11629,2026-07-27 09:06:31.246,3,0,0.21681699603990687,-1
11635,2026-07-27 09:07:43.172,3,0,0.3816103522085491,1
11641,2026-07-27 09:09:20.023,3,1,0.2222486493923872,1
11647,2026-07-27 09:17:03.743,3,0,0.39046125850748314,-1
11650,2026-07-27 09:20:01.618,3,0,0.3571145398181883,1
11656,2026-07-27 09:30:42.642,3,0,0.3786779779820187,1
11659,2026-07-27 09:32:08.654,3,0,0.4168462356164439,-1
11662,2026-07-27 09:40:18.827,3,1,0.5250371111334531,1
11668,2026-07-27 09:51:40.234,3,0,0.16423815202291242,-1
11677,2026-07-27 10:01:04.137,3,0,0.318515039570579,1
11685,2026-07-27 10:03:26.744,3,1,0.29818383256219544,-1
11694,2026-07-27 10:05:26.202,3,0,0.3609701514314691,1
11700,2026-07-27 10:09:03.377,3,0,0.48214316950693575,1
11708,2026-07-27 10:11:23.255,3,0,0.21821845559220948,-1
11711,2026-07-27 10:12:42.483,3,0,0.26025422174468965,1
11719,2026-07-27 10:20:01.171,3,0,0.4120115777580556,-1
11725,2026-07-27 10:24:25.419,3,1,0.3361951653514835,1
11732,2026-07-27 10:30:03.816,3,1,0.27159211800416494,-1
11736,2026-07-27 10:30:43.547,3,0,0.30034911094443695,1
11744,2026-07-27 10:31:42.207,3,0,0.3717239380990358,-1
11747,2026-07-27 10:32:09.046,3,0,0.3819028276017165,1
11753,2026-07-27 10:34:10.667,3,0,0.3711802746562698,-1
11758,2026-07-27 10:36:01.936,3,0,0.23071531402054238,1
11765,2026-07-27 10:38:23.658,3,1,0.2799217522499785,1
11772,2026-07-27 10:41:23.005,3,0,0.26939055452586474,-1
11778,2026-07-27 10:43:48.952,3,0,0.5054150600747941,1
11793,2026-07-27 10:55:03.946,3,1,0.21181658987675067,1
11797,2026-07-27 10:59:39.275,3,1,0.24604681311155369,-1
11803,2026-07-27 11:00:48.131,3,1,0.20802550511693266,1
11810,2026-07-27 11:03:05.564,3,1,0.26986961175994434,-1
11819,2026-07-27 11:06:19.811,3,1,0.3334399611551754,1
11825,2026-07-27 11:10:16.322,3,0,0.44785861338182936,-1
11837,2026-07-27 11:22:07.482,3,1,0.16756002970765482,-1
11842,2026-07-27 11:30:20.879,3,0,0.336392341100081,1
11853,2026-07-27 11:44:19.940,3,0,0.11944866237039213,-1
11857,2026-07-27 11:48:05.434,3,0,0.11519477350558123,-1
11871,2026-07-27 12:00:18.043,3,0,0.3876894113417074,-1
11877,2026-07-27 12:06:21.621,3,0,0.6169851356026004,1
11882,2026-07-27 12:10:45.356,3,0,0.16067655462506486,1
11886,2026-07-27 12:12:57.067,3,0,0.5124451349987241,1
11898,2026-07-27 12:37:52.349,3,1,0.3563909457062325,1
11904,2026-07-27 13:12:40.579,3,0,0.47612543514958044,-1
11910,2026-07-27 13:25:55.300,3,0,0.4905557180171443,-1
11913,2026-07-27 13:29:11.412,3,0,0.18662258263889098,1
11916,2026-07-27 13:32:18.155,3,1,0.3106341759227184,-1
11924,2026-07-27 14:05:32.096,3,0,0.42297930576202214,1
11927,2026-07-27 14:14:43.682,3,0,0.316795144356602,-1
11932,2026-07-27 14:38:33.461,3,0,0.5056543815578367,-1
11937,2026-07-27 14:56:40.822,3,1,0.32606934661850834,-1
11941,2026-07-27 15:20:34.314,3,0,0.18440786197658393,1
11960,2026-07-27 16:43:28.996,3,0,0.16463584545719992,-1
11971,2026-07-27 17:37:16.669,3,0,0.459373481392591,-1
11985,2026-07-28 09:00:51.467,3,0,0.3090551875595819,-1
11988,2026-07-28 09:00:52.079,3,0,0.1335914067445843,1
11993,2026-07-28 09:00:52.934,3,0,0.08010188461983345,-1
11996,2026-07-28 09:00:53.553,3,1,0.08923314853600903,1
12001,2026-07-28 09:00:55.001,3,0,0.18060308052741642,-1
12004,2026-07-28 09:00:56.878,3,1,0.26156590645630146,1
12015,2026-07-28 09:01:00.438,3,1,0.14406286320215458,-1
12024,2026-07-28 09:01:01.765,3,1,0.4470253313778461,1
12028,2026-07-28 09:01:03.592,3,0,0.22891274660784144,-1
12035,2026-07-28 09:01:05.852,3,0,0.11142003099365273,-1
12038,2026-07-28 09:01:07.210,3,0,0.12644110305722733,1
12047,2026-07-28 09:01:22.643,3,1,0.38107229685873417,-1
12053,2026-07-28 09:01:34.884,3,0,0.31756452609007557,1
12058,2026-07-28 09:01:44.633,3,0,0.27414425852977625,-1
12072,2026-07-28 09:02:12.579,3,0,0.28988428509626774,1
12080,2026-07-28 09:02:22.313,3,0,0.15185458468344018,-1
12084,2026-07-28 09:02:25.391,3,0,0.12036313787851381,-1
12088,2026-07-28 09:02:33.915,3,0,0.1336897198611733,-1
12104,2026-07-28 09:03:38.901,3,0,0.25183340862386583,-1
12110,2026-07-28 09:03:40.886,3,0,0.30605996573493555,1
12113,2026-07-28 09:03:51.200,3,0,0.27887114013817443,-1
12119,2026-07-28 09:04:04.994,3,0,0.27729060759852553,1
12122,2026-07-28 09:04:13.724,3,0,0.23819478465095278,-1
12127,2026-07-28 09:04:40.628,3,1,0.19485700101593412,-1
12131,2026-07-28 09:05:08.812,3,1,0.3180405215847006,1
12140,2026-07-28 09:05:57.649,3,1,0.5286859336143939,-1
12148,2026-07-28 09:07:09.756,3,1,0.24166281466132414,1
12153,2026-07-28 09:07:53.642,3,1,0.23315017019754058,-1
12158,2026-07-28 09:09:04.597,3,1,0.26021285156575447,1
12167,2026-07-28 09:13:06.208,3,1,0.2769187932629013,-1
12171,2026-07-28 09:16:09.077,3,1,0.45423873990319563,1
12180,2026-07-28 09:19:34.462,3,0,0.19754219727760403,-1
12186,2026-07-28 09:25:39.392,3,1,0.2545277316696349,1
12196,2026-07-28 09:29:05.203,3,1,0.27167077463656863,-1
12202,2026-07-28 09:30:25.494,3,0,0.36224968852464917,1
12207,2026-07-28 09:33:26.883,3,0,0.1513427184970996,-1
12214,2026-07-28 09:36:19.466,3,0,0.24790024867185337,1
12226,2026-07-28 09:44:30.694,3,1,0.4796061949202567,1
12237,2026-07-28 09:53:06.848,3,0,0.21782421538405605,-1
12240,2026-07-28 09:57:01.712,3,0,0.3423070747341174,1
12247,2026-07-28 10:00:17.764,3,0,0.2667700049460696,1
12256,2026-07-28 10:01:31.340,3,0,0.3085253251544988,-1
12264,2026-07-28 10:04:11.116,3,0,0.261469828788769,-1
12268,2026-07-28 10:07:16.119,3,0,0.3139956233867106,-1
12288,2026-07-28 10:14:08.623,3,0,0.7557638822776377,1
12294,2026-07-28 10:16:07.531,3,0,0.35370690697760876,1
12304,2026-07-28 10:20:30.900,3,1,0.24806027477088263,-1
12319,2026-07-28 10:28:22.392,3,0,0.41514753456148706,1
12323,2026-07-28 10:30:03.924,3,0,0.35435872604894186,1
12326,2026-07-28 10:30:15.901,3,1,0.32351366111381036,-1
12332,2026-07-28 10:31:24.560,3,0,0.29788622768834194,1
12335,2026-07-28 10:32:07.589,3,0,0.17750484385993798,-1
12345,2026-07-28 10:34:22.447,3,1,0.4719794409498822,-1
12349,2026-07-28 10:34:53.140,3,1,0.4251508428075854,1
12354,2026-07-28 10:35:08.712,3,1,0.24635679484573816,-1
12362,2026-07-28 10:36:41.665,3,0,0.2159102179387339,1
12368,2026-07-28 10:39:49.015,3,0,0.27149675850443244,1
12375,2026-07-28 10:42:09.484,3,0,0.1879426475435397,1
12378,2026-07-28 10:42:28.483,3,0,0.3884613176843362,-1
12381,2026-07-28 10:43:35.482,3,0,0.3062428081009887,1
12384,2026-07-28 10:45:50.436,3,0,0.2216322564007822,-1
12390,2026-07-28 10:47:53.420,3,0,0.3818182716540318,1
12393,2026-07-28 10:49:58.339,3,1,0.46876357156470444,-1
12397,2026-07-28 10:51:10.929,3,0,0.30914568318319663,1
12406,2026-07-28 11:00:04.663,3,0,0.3817464611324811,-1
12410,2026-07-28 11:01:15.761,3,0,0.13844073619905564,-1
12430,2026-07-28 11:12:01.671,3,0,0.28766381316858747,-1
12450,2026-07-28 11:20:31.401,3,1,0.36317763192326524,1
12456,2026-07-28 11:25:16.774,3,0,0.30448432110308027,-1
12460,2026-07-28 11:30:22.170,3,0,0.12437964896921742,-1
12465,2026-07-28 11:35:09.296,3,0,0.2319259722945772,1
12473,2026-07-28 11:45:38.034,3,0,0.29643043422212684,-1
12482,2026-07-28 12:00:01.218,3,0,0.2539641585835291,1
12486,2026-07-28 12:03:46.419,3,0,0.4582423886751722,1
12489,2026-07-28 12:10:03.198,3,0,0.3192534308468511,-1
12492,2026-07-28 12:11:36.038,3,1,0.1464869547338863,1
12496,2026-07-28 12:12:36.478,3,1,0.24702517712157548,-1
12504,2026-07-28 12:18:01.861,3,1,0.1919768721114943,1
12509,2026-07-28 12:31:58.089,3,0,0.3487144304043215,-1
12520,2026-07-28 13:00:30.800,3,1,0.250869300215548,-1
12527,2026-07-28 13:07:41.125,3,1,0.3559992183311207,1
12531,2026-07-28 13:14:49.240,3,0,0.28886838067839243,-1
12534,2026-07-28 13:24:34.282,3,0,0.2407652985610886,1
12537,2026-07-28 13:38:36.159,4,1,0.5205090679193268,-1
12541,2026-07-28 13:46:44.296,4,1,0.25656336443153904,1
12545,2026-07-28 14:01:16.904,4,0,0.3922852690879264,-1
12551,2026-07-28 14:17:35.211,4,0,0.37739547441697585,1
12554,2026-07-28 14:20:55.263,4,1,0.11412713523983935,-1
12558,2026-07-28 14:31:37.944,4,0,0.33025367019174745,1
12566,2026-07-28 14:43:37.952,4,0,0.13327421691724728,1
12575,2026-07-28 15:11:59.328,4,0,0.23265723127147966,1
12578,2026-07-28 15:23:06.666,4,0,0.5530463240828466,-1
12587,2026-07-28 15:54:30.764,4,1,0.4234002383142923,1
12592,2026-07-28 16:23:51.909,4,1,0.5166950466581063,-1
12596,2026-07-28 16:38:22.044,4,0,0.2451081268018999,1
12607,2026-07-28 17:11:03.884,4,0,0.42388393144954584,-1
12612,2026-07-28 17:43:26.228,4,1,0.47916782001530517,-1
12616,2026-07-28 17:55:39.452,4,0,0.30527103063436584,1
12627,2026-07-29 09:00:53.927,4,0,0.4816704715469443,-1
12632,2026-07-29 09:00:55.303,4,1,0.2013929495829747,-1
12638,2026-07-29 09:00:58.262,4,0,0.3269022554081254,1
12651,2026-07-29 09:01:03.435,4,0,0.14643452905002077,-1
12661,2026-07-29 09:01:07.675,4,1,0.144171079393677,-1
12665,2026-07-29 09:01:08.747,4,0,0.19682042389063273,1
12676,2026-07-29 09:01:28.327,4,0,0.30916481853448574,1
12682,2026-07-29 09:01:39.859,4,1,0.35991397183885526,1
12689,2026-07-29 09:01:50.692,4,1,0.20160659540945275,-1
12693,2026-07-29 09:02:02.138,4,0,0.20941838820733397,1
12709,2026-07-29 09:02:21.463,4,0,0.23052942500423676,1
12716,2026-07-29 09:02:28.629,4,0,0.33055187416073983,-1
12721,2026-07-29 09:02:46.598,4,0,0.2768210350410833,1
12729,2026-07-29 09:03:05.686,4,1,0.24948282553068962,1
12737,2026-07-29 09:03:27.227,4,0,0.23522354000943682,-1
12743,2026-07-29 09:03:46.926,4,0,0.23368262185789843,1
12752,2026-07-29 09:04:24.270,4,0,0.27473332577988857,-1
12764,2026-07-29 09:08:24.656,4,0,0.2504850380670956,1
12769,2026-07-29 09:09:40.969,4,0,0.3009983437732595,1
12783,2026-07-29 09:17:11.872,4,0,0.3581619486789791,1
12786,2026-07-29 09:18:45.909,4,0,0.2687552953208114,-1
12792,2026-07-29 09:22:46.771,4,0,0.37780977677067695,-1
12799,2026-07-29 09:28:11.875,4,1,0.3324263697825253,-1
12805,2026-07-29 09:31:12.495,4,1,0.39006212806423146,1
12809,2026-07-29 09:34:45.508,4,0,0.30550783525580794,-1
12815,2026-07-29 09:49:28.390,4,0,0.2347306456575979,-1
12820,2026-07-29 10:00:00.646,4,1,0.3375040922740163,-1
12830,2026-07-29 10:01:02.532,4,0,0.41905411794875747,1
12833,2026-07-29 10:02:00.189,4,0,0.23397896508755092,-1
12840,2026-07-29 10:08:07.565,4,0,0.3516509790572101,1
12847,2026-07-29 10:13:20.041,4,0,0.231012759283984,1
12852,2026-07-29 10:15:26.412,4,0,0.4425401136804654,1
12855,2026-07-29 10:18:49.231,4,1,0.43094546062792266,-1
12861,2026-07-29 10:20:21.593,4,0,0.15510267028625876,1
12866,2026-07-29 10:25:32.974,4,1,0.3369045341436813,1
12870,2026-07-29 10:26:49.156,4,0,0.47599118922590816,-1
12876,2026-07-29 10:30:20.247,4,1,0.11178857946367066,-1
12882,2026-07-29 10:30:35.913,4,1,0.34931435571873054,1
12888,2026-07-29 10:31:46.655,4,0,0.18990108322764557,-1
12892,2026-07-29 10:32:09.902,4,1,0.20758432284440484,-1
12903,2026-07-29 10:35:32.374,4,0,0.28850142227020276,1
12923,2026-07-29 10:50:35.351,4,0,0.13521225281587074,1
12929,2026-07-29 10:55:21.783,4,0,0.15602683306888931,1
12933,2026-07-29 10:57:29.890,4,1,0.615818217056397,1
12943,2026-07-29 11:01:36.837,4,1,0.3241554562215088,-1
12947,2026-07-29 11:03:58.104,4,0,0.20127684002133855,1
12953,2026-07-29 11:13:45.844,4,0,0.513531293254464,1
12959,2026-07-29 11:20:27.288,4,0,0.44407463022145766,-1
12972,2026-07-29 11:43:48.902,4,0,0.14734368154117808,1
12978,2026-07-29 11:52:07.158,4,0,0.1579221811591773,-1
12989,2026-07-29 12:09:51.832,4,0,0.43962508916367266,-1
12994,2026-07-29 12:22:15.077,4,0,0.4187458901108001,1
13000,2026-07-29 12:42:39.870,4,0,0.39506497120115347,1
13011,2026-07-29 13:15:10.419,4,0,0.292920016971009,1
13014,2026-07-29 13:26:58.232,4,0,0.49896330623537843,-1
13019,2026-07-29 13:56:45.057,4,1,0.3819036934363431,-1
13023,2026-07-29 14:02:30.750,4,0,0.23961337183147796,1
13033,2026-07-29 14:30:52.824,4,0,0.21407330341733874,1
13038,2026-07-29 14:52:43.719,4,1,0.37405956243829996,1
13048,2026-07-29 15:00:04.113,4,1,0.35635990126477823,-1
13053,2026-07-29 15:00:07.938,4,1,0.2835004013609107,1
13058,2026-07-29 15:00:12.117,4,1,0.2775223789676745,-1
13064,2026-07-29 15:00:17.528,4,0,0.4605240585160958,1
13074,2026-07-29 15:00:37.526,4,0,0.32545268532436444,-1
13079,2026-07-29 15:00:48.854,4,0,0.29188625019852776,-1
13082,2026-07-29 15:01:13.179,4,0,0.2315793257772574,1
13085,2026-07-29 15:01:37.143,4,0,0.34180496634992774,-1
13094,2026-07-29 15:08:01.537,4,0,0.3946208117844173,1
13097,2026-07-29 15:11:52.489,4,0,0.22582510038445472,-1
13110,2026-07-29 15:27:10.927,4,1,0.333721270914208,1
13115,2026-07-29 15:30:25.133,4,1,0.12431328397910597,-1
13120,2026-07-29 15:31:33.318,4,0,0.18997565961794008,1
13126,2026-07-29 15:32:10.047,4,0,0.3301104096192418,1
13132,2026-07-29 15:33:38.410,4,0,0.27827150946268187,-1
13138,2026-07-29 15:37:02.972,4,0,0.2695629809929191,-1
13142,2026-07-29 15:38:40.665,4,0,0.1796292056116365,-1
13147,2026-07-29 15:40:35.428,4,0,0.3635862435734178,-1
13155,2026-07-29 15:45:16.623,4,0,0.2851013444006549,-1
13160,2026-07-29 15:49:37.368,4,0,0.3414887174019444,-1
13165,2026-07-29 15:54:03.436,4,0,0.25071526323442656,-1
13168,2026-07-29 15:57:12.639,4,1,0.6403705142648464,1
13173,2026-07-29 16:00:02.529,4,0,0.20956498284005548,-1
13179,2026-07-29 16:02:01.306,4,1,0.10045054726430096,-1
13194,2026-07-29 16:09:41.457,4,0,0.34203233404547045,1
13197,2026-07-29 16:11:49.286,4,0,0.32306599581948275,-1
13201,2026-07-29 16:15:53.275,4,1,0.23268037170950287,-1
13215,2026-07-29 16:23:48.890,4,0,0.5861358890564552,1
13219,2026-07-29 16:27:08.083,4,1,0.420925291407385,1
13224,2026-07-29 16:32:12.265,4,1,0.12988767530423187,-1
13233,2026-07-29 16:34:02.488,4,1,0.19028630301651192,1
13238,2026-07-29 16:36:59.137,4,0,0.1820396764881273,-1
13241,2026-07-29 16:39:00.467,4,0,0.27563898132289244,1
13259,2026-07-29 17:11:11.975,4,0,0.2328164247223839,1
13265,2026-07-29 17:17:55.870,4,0,0.31358944220168644,1
13272,2026-07-29 18:31:26.186,4,1,0.5435691714781105,1
13289,2026-07-30 09:00:56.524,4,0,0.4425448140322899,-1
13298,2026-07-30 09:00:58.815,4,0,0.32234185827125716,1
13301,2026-07-30 09:00:59.029,4,0,0.19882274940724368,-1
13304,2026-07-30 09:00:59.185,4,1,0.13501085751569888,1
13309,2026-07-30 09:00:59.421,4,0,0.13250973895093215,-1
13478,2026-07-30 09:00:59.652,4,0,0.22125027939449446,-1
13481,2026-07-30 09:00:59.653,4,0,0.3473040022840051,1
13484,2026-07-30 09:00:59.654,4,0,0.2139634213901767,-1
13487,2026-07-30 09:00:59.656,4,0,0.36769528539094476,1
13490,2026-07-30 09:00:59.658,4,0,0.161691336080647,-1
13493,2026-07-30 09:00:59.659,4,0,0.3576333076222596,1
13496,2026-07-30 09:00:59.659,4,0,0.2137317059550765,-1
13503,2026-07-30 09:00:59.660,4,0,0.5186113320059554,1
13522,2026-07-30 09:00:59.781,4,0,0.10014808673292956,-1
13525,2026-07-30 09:01:00.051,4,0,0.14734556980479271,1
13545,2026-07-30 09:01:04.018,4,1,0.1690217349828796,-1
13549,2026-07-30 09:01:05.169,4,0,0.37779290453322484,1
13552,2026-07-30 09:01:08.861,4,1,0.17772246305762793,-1
13556,2026-07-30 09:01:10.846,4,0,0.2623411142833109,1
13560,2026-07-30 09:01:13.695,4,0,0.19627741075843452,1
13564,2026-07-30 09:01:16.611,4,1,0.18805876042433892,1
13572,2026-07-30 09:01:23.378,4,0,0.43811183502210016,-1
13579,2026-07-30 09:01:39.503,4,1,0.283583710486705,1
13583,2026-07-30 09:01:47.249,4,0,0.33983645196665274,-1
13595,2026-07-30 09:02:38.092,4,1,0.22856427815723582,1
13604,2026-07-30 09:02:59.372,4,1,0.20936525224713448,-1
13610,2026-07-30 09:03:07.272,4,0,0.3615591270904002,1
13613,2026-07-30 09:03:17.692,4,0,0.15595079372586476,-1
13623,2026-07-30 09:04:15.087,4,0,0.21117175417961612,1
13626,2026-07-30 09:04:34.192,4,0,0.19337837972683697,-1
13632,2026-07-30 09:05:21.242,4,1,0.17756933234374062,-1
13637,2026-07-30 09:06:04.436,4,1,0.281806395486581,1
13643,2026-07-30 09:06:42.252,4,0,0.19191467958358052,-1
13651,2026-07-30 09:12:38.348,4,1,0.27536277864346814,1
13657,2026-07-30 09:16:12.178,4,1,0.3581212608661898,-1
13661,2026-07-30 09:21:50.113,4,1,0.4699082071312296,1
13666,2026-07-30 09:23:36.754,4,1,0.3309026072498288,-1
13670,2026-07-30 09:29:30.100,4,1,0.6187400386958832,1
13676,2026-07-30 09:30:18.358,4,1,0.31825153495831604,-1
13685,2026-07-30 09:31:33.998,4,1,0.3162053725144884,1
13691,2026-07-30 09:32:42.598,4,1,0.3011497272958846,-1
13696,2026-07-30 09:36:38.147,4,0,0.30179744257554403,1
13702,2026-07-30 09:52:15.667,4,1,0.5978856083426829,1
13706,2026-07-30 09:54:01.467,4,0,0.4497682346343807,-1
13713,2026-07-30 10:00:29.127,4,0,0.1433645572769185,-1
13718,2026-07-30 10:01:35.146,4,0,0.4052346558414307,-1
13725,2026-07-30 10:06:17.933,4,0,0.16709027294005793,-1
13735,2026-07-30 10:08:26.700,4,1,0.7183392588267913,1
13740,2026-07-30 10:11:46.455,4,0,0.30259335560598394,-1
13746,2026-07-30 10:15:49.174,4,0,0.4034048127852012,-1
13749,2026-07-30 10:16:29.097,4,1,0.33163275969966033,1
13753,2026-07-30 10:19:08.896,4,0,0.3645547518565093,-1
13756,2026-07-30 10:20:55.114,4,1,0.3304785266105842,1
13763,2026-07-30 10:24:15.342,4,1,0.5998474793556197,-1
13773,2026-07-30 10:27:55.878,4,0,0.40820562910038377,1
13782,2026-07-30 10:30:54.729,4,0,0.35421243190128815,-1
13785,2026-07-30 10:33:24.101,4,0,0.4514838935089843,1
13798,2026-07-30 10:36:02.539,4,1,0.5228938189878932,1
13802,2026-07-30 10:37:04.056,4,0,0.2306934443693768,-1
13807,2026-07-30 10:38:02.021,4,0,0.26560537448009275,-1
13810,2026-07-30 10:39:30.216,4,0,0.2577397393360171,1
13814,2026-07-30 10:40:46.079,4,0,0.3386020630297794,1
13820,2026-07-30 10:43:56.030,4,1,0.2969110489323193,-1
13824,2026-07-30 10:45:57.101,4,1,0.2243490116848325,1
13831,2026-07-30 10:49:36.333,4,1,0.2450543888044509,-1
13835,2026-07-30 10:52:21.745,4,1,0.3229023826409349,1
13839,2026-07-30 10:53:19.265,4,0,0.32289156800304725,-1
13846,2026-07-30 10:59:13.953,4,0,0.38543165459439244,-1
13853,2026-07-30 11:04:42.686,4,0,0.2618658349886844,-1
13856,2026-07-30 11:05:24.108,4,1,0.4922555635681471,1
13863,2026-07-30 11:07:13.386,4,1,0.42976554194615285,-1
13869,2026-07-30 11:11:09.600,4,1,0.46459118662387916,1
13873,2026-07-30 11:12:05.076,4,1,0.31859361725069957,-1
13878,2026-07-30 11:16:05.340,4,1,0.6487134318577171,1
13886,2026-07-30 11:23:01.889,4,1,0.5280108594508678,-1
13890,2026-07-30 11:27:15.968,4,1,0.6226828015159674,1
13895,2026-07-30 11:28:55.095,4,0,0.13173155991873284,-1
13904,2026-07-30 11:36:32.669,4,1,0.29255755305573,-1
13908,2026-07-30 11:45:34.738,4,0,0.39448371328216847,1
13911,2026-07-30 11:46:29.645,4,0,0.4301729365982204,-1
13920,2026-07-30 12:00:57.067,4,0,0.19717139374546072,1
13924,2026-07-30 12:06:59.822,4,1,0.5008780301281051,1
13929,2026-07-30 12:09:51.300,4,0,0.1504161100240286,-1
13935,2026-07-30 12:20:19.453,4,0,0.21008457984092288,-1
13938,2026-07-30 12:26:09.954,4,0,0.44010068701444194,1
13941,2026-07-30 12:27:00.092,4,0,0.41875256525343874,-1
13955,2026-07-30 13:35:21.845,4,0,0.29014366019578575,-1
13963,2026-07-30 14:03:16.601,4,0,0.1459456679398788,-1
13969,2026-07-30 14:32:11.948,4,0,0.18872372364274595,1
13986,2026-07-30 16:10:39.523,4,0,0.24170082695227044,-1
13997,2026-07-30 16:26:20.800,4,0,0.1838296763904644,-1
14000,2026-07-30 16:30:10.581,4,1,0.34680046245524826,1
14004,2026-07-30 16:45:28.278,4,0,0.45723744899854907,-1
14013,2026-07-30 17:09:35.978,4,0,0.18579796124886236,-1
14043,2026-07-31 12:34:14.014,4,0,0.28848504395959024,1
14046,2026-07-31 12:34:16.148,4,0,0.17784774356516656,-1
14053,2026-07-31 12:34:20.344,4,0,0.25289969487734537,-1
14066,2026-07-31 12:34:37.910,4,1,0.2237978678170625,-1
14070,2026-07-31 12:34:38.559,4,0,0.16860301254212276,1
14083,2026-07-31 12:35:08.172,4,0,0.2038749046563212,-1
14097,2026-07-31 12:35:51.642,4,0,0.29655193918815986,-1
14101,2026-07-31 12:35:59.593,4,1,0.16403173415623795,-1
14105,2026-07-31 12:36:05.629,4,0,0.14619969452005457,1
14117,2026-07-31 12:37:36.070,4,0,0.22293780097173582,-1
14124,2026-07-31 12:40:20.585,4,1,0.2752717168515005,1
14133,2026-07-31 12:44:39.906,4,0,0.2252318603020373,-1
14138,2026-07-31 12:46:50.163,4,0,0.21521990925614598,-1
14151,2026-07-31 12:51:00.650,4,1,0.2585476199678446,1
14161,2026-07-31 12:56:02.975,4,1,0.27529214647688527,-1
14170,2026-07-31 12:59:27.129,4,0,0.6090769431048554,1
14177,2026-07-31 13:01:14.635,4,0,0.22936996921960986,1
14180,2026-07-31 13:01:49.589,4,0,0.22943984347063037,-1
14186,2026-07-31 13:04:33.375,4,1,0.20788920255636206,-1
14190,2026-07-31 13:06:32.870,4,0,0.2822802503057323,1
14199,2026-07-31 13:15:05.409,4,1,0.24983947222293648,-1
14206,2026-07-31 13:17:06.400,4,1,0.6873546808279848,1
14213,2026-07-31 13:23:15.161,4,0,0.1925890219913546,-1
14221,2026-07-31 13:30:35.831,4,0,0.3336574813186562,-1
14230,2026-07-31 13:40:13.326,4,1,0.24998121073883178,-1
14237,2026-07-31 13:47:49.213,4,0,0.32006902645852403,1
14242,2026-07-31 14:00:14.411,4,0,0.3454013449626753,1
14254,2026-07-31 14:17:34.307,4,1,0.1968966534675676,-1
14258,2026-07-31 14:18:44.541,4,1,0.2451268145038007,1
14263,2026-07-31 14:33:05.511,4,0,0.3459806451614946,-1
14268,2026-07-31 14:36:07.958,5,0,0.22281504041341949,-1
14272,2026-07-31 14:45:08.819,5,0,0.23236150898435154,-1
14275,2026-07-31 14:49:07.829,5,0,0.3844937641386903,1
14283,2026-07-31 15:12:17.783,5,0,0.5417634711148571,-1
14286,2026-07-31 15:15:51.763,5,1,0.4332987120632081,1
14291,2026-07-31 15:21:49.635,5,0,0.17066348936132475,-1
14298,2026-07-31 15:42:51.335,5,0,0.35029870609583014,-1
14303,2026-07-31 15:52:37.870,5,0,0.15096869304073823,-1
14320,2026-07-31 16:35:00.868,5,0,0.32481741590976765,1
14324,2026-07-31 16:39:00.734,5,1,0.5112968641009846,1
14331,2026-07-31 16:46:56.850,5,0,0.17723402140378589,-1
14345,2026-07-31 17:04:12.692,5,0,0.27557002051294993,1
14353,2026-07-31 17:32:07.599,5,0,0.31141959491787397,1
14360,2026-07-31 17:57:45.624,5,0,0.4789610024963289,1
14391,2026-08-03 09:03:04.414,5,1,0.48862333811753067,-1
14397,2026-08-03 09:03:07.443,5,0,0.3649346395626976,1
14403,2026-08-03 09:03:28.438,5,0,0.48056839716800287,-1
14407,2026-08-03 09:03:38.550,5,1,0.3544593639481035,-1
14414,2026-08-03 09:04:05.796,5,0,0.42527773228052707,1
14431,2026-08-03 09:05:44.273,5,0,0.3450390308484429,1
14434,2026-08-03 09:06:03.273,5,1,0.24738583124384403,-1
14442,2026-08-03 09:06:43.702,5,0,0.4446524884395986,1
14447,2026-08-03 09:09:24.767,5,0,0.1933676798529545,-1
14452,2026-08-03 09:12:19.797,5,1,0.5376269720715393,1
14461,2026-08-03 09:16:45.812,5,0,0.20453918772361301,-1
14464,2026-08-03 09:17:13.989,5,0,0.3409713933636076,1
14473,2026-08-03 09:23:34.615,5,0,0.2234247986172721,-1
14478,2026-08-03 09:29:33.764,5,0,0.4968007795283886,-1
14483,2026-08-03 09:33:21.751,5,0,0.48597532400826154,-1
14491,2026-08-03 09:39:13.968,5,1,0.33545539539300706,-1
14495,2026-08-03 09:42:15.550,5,1,0.3826514079875193,1
14500,2026-08-03 09:46:15.406,5,0,0.5021165026226102,-1
14505,2026-08-03 09:54:43.105,5,0,0.4165315019656237,-1
14512,2026-08-03 09:57:28.749,5,0,0.3702500523752536,-1
14515,2026-08-03 10:00:00.263,5,0,0.39802365175134047,1
14526,2026-08-03 10:00:56.348,5,1,0.39296629974810116,1
14530,2026-08-03 10:02:16.645,5,0,0.3843281898704797,-1
14533,2026-08-03 10:03:48.219,5,0,0.27047454175519536,1
14554,2026-08-03 10:15:46.911,5,0,0.4955583570353581,1
14557,2026-08-03 10:16:58.185,5,1,0.24039182912530177,-1
14564,2026-08-03 10:19:21.255,5,0,0.2544958777866127,1
14574,2026-08-03 10:23:31.235,5,1,0.24334262200978918,1
14578,2026-08-03 10:25:35.297,5,1,0.3073011004246413,-1
14583,2026-08-03 10:29:13.294,5,0,0.4743578075719972,1
14593,2026-08-03 10:30:50.414,5,0,0.1322274829532021,-1
14598,2026-08-03 10:31:16.603,5,0,0.30111306090775536,-1
14604,2026-08-03 10:32:54.100,5,0,0.2550446898540988,1
14615,2026-08-03 10:35:43.316,5,0,0.34485784811780157,1
14618,2026-08-03 10:36:51.555,5,1,0.4075190492016183,-1
14625,2026-08-03 10:39:28.108,5,1,0.17975665568995103,1
14629,2026-08-03 10:41:17.197,5,0,0.23470959472688632,-1
14632,2026-08-03 10:44:18.113,5,1,0.49779951955219426,1
14637,2026-08-03 10:46:23.501,5,1,0.16681157823059617,-1
14644,2026-08-03 10:47:51.245,5,0,0.2283354102494248,1
14647,2026-08-03 10:50:26.662,5,0,0.4409725669971305,-1
14650,2026-08-03 10:51:32.005,5,0,0.3592637733749469,1
14654,2026-08-03 10:54:18.873,5,0,0.5594159262807424,1
14657,2026-08-03 10:55:30.711,5,0,0.36753822865318037,-1
14660,2026-08-03 10:57:25.942,5,0,0.25478663878673663,1
14668,2026-08-03 11:00:44.522,5,1,0.3494563368027374,1
14672,2026-08-03 11:03:49.260,5,1,0.2330380731396566,-1
14676,2026-08-03 11:05:06.447,5,1,0.2917863230791262,1
14680,2026-08-03 11:13:51.263,5,0,0.3462391135260622,-1
14688,2026-08-03 11:30:44.897,5,0,0.2190863693928157,-1
14696,2026-08-03 11:36:40.767,5,1,0.21972455229823606,-1
14703,2026-08-03 11:41:10.758,5,0,0.2971377634350592,1
14707,2026-08-03 11:44:41.022,5,1,0.3826553994877096,1
14711,2026-08-03 11:50:31.489,5,0,0.43979928368166976,-1
14727,2026-08-03 12:25:16.303,5,0,0.26018703418079564,-1
14734,2026-08-03 12:34:04.299,5,1,0.14309378513399107,1
14738,2026-08-03 12:54:52.436,5,0,0.44722131300191326,-1
14747,2026-08-03 13:50:40.232,5,1,0.5750979508341837,1
14754,2026-08-03 14:13:29.027,5,0,0.337904920610649,-1
14757,2026-08-03 14:20:41.533,5,0,0.5341203258802368,1
14763,2026-08-03 14:46:28.582,5,0,0.4158968859162075,-1
14766,2026-08-03 14:59:32.999,5,1,0.37326204345870273,1
14771,2026-08-03 15:27:15.891,5,1,0.3214259942182388,-1
14775,2026-08-03 15:42:27.460,5,1,0.16840216481425163,1
14783,2026-08-03 16:20:20.501,5,0,0.36448023388946005,-1
14787,2026-08-03 16:33:32.855,5,0,0.38147436779796656,-1
14801,2026-08-03 17:42:02.634,5,0,0.4799351703967374,-1
14804,2026-08-03 17:59:03.443,5,0,0.3696494654886839,1
14807,2026-08-03 18:05:41.721,5,0,0.29414862802712105,-1
14820,2026-08-04 09:02:49.562,5,1,0.6263978143635535,-1
14828,2026-08-04 09:02:51.835,5,1,0.24355967551174462,1
14835,2026-08-04 09:02:53.771,5,0,0.18872810944329238,-1
14842,2026-08-04 09:02:58.816,5,0,0.307278824229826,1
14853,2026-08-04 09:03:07.502,5,0,0.2668155231910655,-1
14859,2026-08-04 09:03:19.345,5,0,0.2711303998457126,-1
14872,2026-08-04 09:04:05.133,5,0,0.22407113782914548,-1
14883,2026-08-04 09:05:24.649,5,0,0.3104970917082363,-1
14887,2026-08-04 09:05:59.003,5,0,0.1840246982197123,-1
14891,2026-08-04 09:06:12.405,5,0,0.2770584426118207,-1
14895,2026-08-04 09:07:02.723,5,1,0.2740695424210393,-1
14899,2026-08-04 09:07:20.660,5,1,0.3391000415900716,1
14903,2026-08-04 09:08:17.545,5,0,0.23213706937622763,-1
14909,2026-08-04 09:09:52.402,5,0,0.4059665832002815,1
14914,2026-08-04 09:12:27.676,5,1,0.20741452546477673,1
14920,2026-08-04 09:13:38.099,5,0,0.2661725644621012,-1
14925,2026-08-04 09:15:36.315,5,0,0.5800819637137515,-1
14931,2026-08-04 09:19:05.224,5,0,0.39792066681294697,-1
14934,2026-08-04 09:21:26.401,5,0,0.33257440966542934,1
14947,2026-08-04 09:26:07.812,5,1,0.2416406534885701,1
14954,2026-08-04 09:28:53.638,5,0,0.37460708954237326,-1
14959,2026-08-04 09:31:04.600,5,0,0.3380551480385794,-1
14963,2026-08-04 09:36:13.094,5,0,0.45116338906813847,-1
14968,2026-08-04 09:47:36.456,5,0,0.3616030555941325,-1
14972,2026-08-04 09:53:05.576,5,1,0.36369040342244985,-1
14979,2026-08-04 09:57:16.707,5,0,0.4908031547070675,1
14990,2026-08-04 10:00:32.670,5,1,0.45147204248220385,1
14996,2026-08-04 10:01:17.611,5,0,0.25087979601001126,-1
15015,2026-08-04 10:02:08.251,5,0,0.47751496876998706,-1
15023,2026-08-04 10:02:10.298,5,0,0.31564273667175585,-1
15041,2026-08-04 10:02:14.064,5,0,0.30543731147744824,1
15048,2026-08-04 10:03:03.618,5,0,0.36537788730870246,1
15054,2026-08-04 10:04:36.571,5,0,0.30595382772338614,1
15057,2026-08-04 10:05:07.487,5,0,0.2691069640773726,-1
15060,2026-08-04 10:05:34.513,5,0,0.3150146497416726,1
15063,2026-08-04 10:06:04.456,5,0,0.26894836331997346,-1
15076,2026-08-04 10:11:05.859,5,1,0.46531738194260774,-1
15082,2026-08-04 10:12:44.864,5,1,0.3250101541553412,1
15086,2026-08-04 10:15:03.190,5,1,0.16767878309039577,-1
15103,2026-08-04 10:20:33.801,5,0,0.4275026995097892,1
15109,2026-08-04 10:21:07.589,5,0,0.375559829012582,-1
15112,2026-08-04 10:21:33.178,5,0,0.40593900945281086,1
15125,2026-08-04 10:25:01.559,5,0,0.3411699072624341,1
15132,2026-08-04 10:26:26.414,5,0,0.4278721690547364,1
15140,2026-08-04 10:29:43.672,5,0,0.16039281520475024,1
15143,2026-08-04 10:30:08.640,5,0,0.22925961938123499,-1
15156,2026-08-04 10:31:37.096,5,0,0.3689132639164255,1
15164,2026-08-04 10:32:28.351,5,1,0.2833269330220737,-1
15172,2026-08-04 10:36:30.373,5,0,0.2795629982219987,1
15175,2026-08-04 10:37:14.913,5,0,0.3968150050979411,-1
15179,2026-08-04 10:38:50.577,5,0,0.1836044742623508,-1
15189,2026-08-04 10:41:28.166,5,1,0.24838046301099326,-1
15197,2026-08-04 10:43:56.345,5,0,0.4171608990348842,1
15204,2026-08-04 10:46:32.681,5,0,0.27402224223969956,1
15214,2026-08-04 10:52:03.835,5,1,0.47319132762077176,1
15218,2026-08-04 10:53:51.171,5,0,0.1893913487369013,-1
15229,2026-08-04 10:57:19.181,5,1,0.297869928182781,1
15233,2026-08-04 10:59:14.608,5,1,0.2781423702351796,-1
15237,2026-08-04 11:01:04.355,5,1,0.269962149125646,1
15245,2026-08-04 11:04:47.229,5,1,0.3326803948145619,-1
15250,2026-08-04 11:06:36.006,5,0,0.1531690712305608,1
15253,2026-08-04 11:07:43.882,5,0,0.1514233552030939,-1
15277,2026-08-04 11:38:21.012,5,0,0.4262231836690433,-1
15281,2026-08-04 11:45:20.197,5,0,0.31436662688247274,-1
15289,2026-08-04 12:04:56.563,5,1,0.2979803838205422,-1
15297,2026-08-04 12:13:44.304,5,0,0.2064695176577679,1
15302,2026-08-04 12:23:02.485,5,0,0.2513681596152337,1
15305,2026-08-04 12:32:37.589,5,0,0.569099312897433,-1
15308,2026-08-04 12:34:55.805,5,0,0.3446220411688065,1
15321,2026-08-04 13:14:56.162,5,0,0.2143208336666738,1
15334,2026-08-04 13:31:58.011,5,1,0.34490201643193313,1
15339,2026-08-04 13:40:08.039,5,0,0.2717373840584774,-1
15347,2026-08-04 13:53:07.095,5,0,0.2825574894552974,-1
15352,2026-08-04 14:05:22.571,5,0,0.3512970627208793,-1
15368,2026-08-04 14:57:12.294,5,0,0.18653070634624713,1
15376,2026-08-04 15:04:37.412,5,0,0.3687544314634342,1
15382,2026-08-04 15:11:48.566,5,1,0.26426509629402223,-1
15388,2026-08-04 15:20:04.833,5,0,0.2571746820469391,1
15398,2026-08-04 15:30:57.448,5,0,0.0996575146387919,-1
15401,2026-08-04 15:39:33.682,5,1,0.5447900145356028,1
15406,2026-08-04 15:56:32.121,5,0,0.2923158194137392,-1
15419,2026-08-04 16:59:57.000,5,1,0.23749706494304565,1
15424,2026-08-04 17:02:48.124,5,1,0.26629720873884427,-1
15429,2026-08-04 17:21:30.821,5,0,0.5917230639183143,1
15445,2026-08-05 09:03:05.025,5,1,0.45245928427551263,-1
15449,2026-08-05 09:03:06.158,5,1,0.27749333087568023,1
15458,2026-08-05 09:03:15.284,5,0,0.35773427771627725,-1
15466,2026-08-05 09:03:42.959,5,0,0.370181585141056,-1
15470,2026-08-05 09:04:02.272,5,0,0.27087516011825624,-1
15479,2026-08-05 09:04:53.145,5,0,0.3259478263023305,1
15490,2026-08-05 09:05:31.784,5,0,0.28966068498756964,1
15496,2026-08-05 09:06:28.347,5,0,0.3089100404858568,1
15503,2026-08-05 09:08:33.187,5,1,0.32021672326582823,1
15509,2026-08-05 09:09:33.546,5,0,0.12633391739567743,-1
15512,2026-08-05 09:10:15.113,5,1,0.26058425530026813,1
15516,2026-08-05 09:11:10.590,5,0,0.2319478686004458,-1
15522,2026-08-05 09:15:20.406,5,0,0.27694211245560196,-1
15528,2026-08-05 09:17:07.681,5,1,0.35829183142050947,1
15533,2026-08-05 09:19:30.280,5,0,0.3233833698645513,-1
15538,2026-08-05 09:21:39.364,5,1,0.38766456281165645,1
15543,2026-08-05 09:23:26.846,5,0,0.24252384057227722,-1
15550,2026-08-05 09:26:23.563,5,1,0.38271022478469524,1
15554,2026-08-05 09:27:23.858,5,0,0.2728105878061189,-1
15558,2026-08-05 09:30:39.590,5,1,0.3911846539798038,-1
15564,2026-08-05 09:32:00.902,5,1,0.21048202228430765,1
15569,2026-08-05 09:37:52.177,5,0,0.3467536685162583,-1
15572,2026-08-05 09:43:55.955,5,1,0.4807613237202504,1
15577,2026-08-05 09:46:04.765,5,0,0.3116544768447025,-1
15582,2026-08-05 09:56:11.641,5,0,0.3998647789065934,-1
15596,2026-08-05 10:00:44.740,5,0,0.3258060509917893,1
15599,2026-08-05 10:01:19.336,5,0,0.24466938078136893,-1
15609,2026-08-05 10:06:18.586,5,1,0.21598162109057342,-1
15614,2026-08-05 10:08:11.533,5,1,0.3085532321842029,1
15620,2026-08-05 10:11:02.852,5,0,0.22616546316962388,-1
15628,2026-08-05 10:14:26.717,5,0,0.2642742037855353,-1
15634,2026-08-05 10:16:32.093,5,0,0.31750100885035887,-1
15637,2026-08-05 10:17:18.914,5,1,0.3212043414890132,1
15644,2026-08-05 10:20:27.915,5,0,0.3851330476718347,-1
15650,2026-08-05 10:26:03.536,5,1,0.44151880267162263,-1
15657,2026-08-05 10:28:06.115,5,0,0.5833332496356997,1
15663,2026-08-05 10:29:02.598,5,1,0.27220378855393024,-1
15668,2026-08-05 10:30:08.867,5,0,0.2107164762245955,1
15677,2026-08-05 10:31:56.129,5,1,0.24089027273868133,-1
15687,2026-08-05 10:34:11.999,5,0,0.38994641780526096,1
15697,2026-08-05 10:36:47.134,5,0,0.29523937912616327,-1
15703,2026-08-05 10:37:51.447,5,0,0.2697440181123318,1
15706,2026-08-05 10:39:02.564,5,0,0.2528091055224731,-1
15725,2026-08-05 10:45:52.160,5,0,0.5050077605303344,1
15732,2026-08-05 10:50:40.849,5,1,0.3303883562813939,1
15744,2026-08-05 10:56:51.692,5,0,0.42879717331942735,-1
15754,2026-08-05 11:00:07.353,5,1,0.2632638358304732,1
15762,2026-08-05 11:01:19.112,5,0,0.36833558598774435,-1
15775,2026-08-05 11:06:13.533,5,0,0.29075203240313957,-1
15786,2026-08-05 11:11:06.078,5,1,0.17588352482061814,-1
15797,2026-08-05 11:15:53.337,5,0,0.244901188409728,1
15803,2026-08-05 11:19:21.103,5,1,0.26228868792194904,-1
15827,2026-08-05 11:30:40.351,5,0,0.3506041316952462,1
15840,2026-08-05 11:36:32.980,5,0,0.18118598146291426,-1
15848,2026-08-05 11:43:05.192,5,0,0.36965158915947227,1
15851,2026-08-05 11:45:53.525,5,0,0.27760409289778465,-1
15855,2026-08-05 11:51:07.581,5,1,0.23637184345939846,-1
15863,2026-08-05 11:53:42.291,5,0,0.20913621300482696,1
15868,2026-08-05 11:57:36.121,5,0,0.2620885905778308,-1
15875,2026-08-05 12:03:32.354,5,0,0.25237048456892675,-1
15882,2026-08-05 12:18:07.697,5,1,0.5292815824199559,1
15886,2026-08-05 12:21:56.718,5,1,0.2632559588689912,-1
15890,2026-08-05 12:25:50.887,5,0,0.21773305626070355,1
15900,2026-08-05 12:45:18.067,5,1,0.24556805993202155,1
15904,2026-08-05 12:58:56.590,5,1,0.38523499077675655,-1
15908,2026-08-05 13:10:06.620,5,0,0.39964988415325914,1
15922,2026-08-05 13:57:39.249,5,0,0.08754706067456877,1
15935,2026-08-05 14:25:12.203,5,1,0.6150773074095907,1
15942,2026-08-05 14:37:08.627,5,0,0.28797561399771465,-1
15948,2026-08-05 15:00:32.993,5,1,0.7117064137425005,1
15952,2026-08-05 15:22:06.662,5,1,0.40142514627793413,-1
15956,2026-08-05 15:38:17.313,5,0,0.18319328210781308,1
15963,2026-08-05 16:01:04.283,5,0,0.33895772540444125,1
15971,2026-08-05 16:46:20.261,5,0,0.441107066879443,1
15978,2026-08-05 17:12:00.753,5,0,0.3379304396666839,-1
15981,2026-08-05 17:21:36.484,5,0,0.40931223940934924,1
15988,2026-08-06 09:02:48.308,5,1,0.20189121966653434,-1
